S NO.,DISTRICT,STATION,DATE(YYYY-MM-DD),TIME (UTC),RAIN HOURLY CUMULATIVE (mm),RAIN DAY CUMULATIVE SINCE 0300 UTC (mm),TEMP ('C),TEMP MIN HOURLY ('C),TEMP MAX HOURLY ('C),TEMP DAY MIN MAX ('C),RH (%),WIND DIR (Deg),WIND SPEED (Kt),SLP (hPa),MSLP (hPa/gpm),SUNSHINE (HH.MM),BATTERY (Volts),GPS
1,DIBANG_VALLEY,ANINI,2018-08-30,00:00:00,0,1,18.6,18.4,18.6,,,301,1,831.8,1392.6,0.0,12.6,L
2,DIBANG_VALLEY,ANINI,2018-08-30,01:00:00,0,1,19.0,18.5,19.3,,,270,1,832.2,1388.0,0.0,13.4,L
3,DIBANG_VALLEY,ANINI,2018-08-30,02:00:00,0,1,19.8,19.0,20.0,,,276,2,832.5,1378.2,0.18,14.3,L
4,DIBANG_VALLEY,ANINI,2018-08-30,03:00:00,0,1,21.3,19.8,21.3,18.4,,277,3,832.6,1358.9,1.15,14.3,L
5,DIBANG_VALLEY,ANINI,2018-08-30,04:00:00,0,0,22.7,20.8,22.8,,95.0,282,4,832.3,1340.2,2.15,14.3,L
6,DIBANG_VALLEY,ANINI,2018-08-30,05:00:00,0,0,25.0,22.7,26.1,,78.0,262,2,831.4,1308.3,3.15,14.3,L
7,DIBANG_VALLEY,ANINI,2018-08-30,06:00:00,0,0,28.7,25.3,28.8,,60.0,210,4,830.6,1258.0,4.15,14.4,L
8,DIBANG_VALLEY,ANINI,2018-08-30,07:00:00,0,0,28.7,28.2,29.6,,56.0,214,5,829.8,1255.9,5.15,14.4,L
9,DIBANG_VALLEY,ANINI,2018-08-30,08:00:00,0,0,26.7,26.5,29.4,,60.0,223,7,828.9,1280.2,6.15,14.4,L
10,DIBANG_VALLEY,ANINI,2018-08-30,09:00:00,0,0,25.7,25.5,26.8,,65.0,208,6,828.5,1292.5,7.15,14.4,L
11,DIBANG_VALLEY,ANINI,2018-08-30,10:00:00,0,0,26.1,25.6,26.9,,64.0,215,5,828.5,1287.2,8.15,14.3,L
12,DIBANG_VALLEY,ANINI,2018-08-30,11:00:00,0,0,23.8,23.7,26.2,,79.0,237,2,828.8,1318.5,8.21,14.3,L
13,DIBANG_VALLEY,ANINI,2018-08-30,12:00:00,0,0,21.2,21.1,23.8,29.6,91.0,258,2,829.3,1354.0,8.21,13.2,L
14,DIBANG_VALLEY,ANINI,2018-08-30,13:00:00,0,0,20.1,20.1,21.2,,99.0,272,3,830.4,1370.5,8.05,12.9,L
15,DIBANG_VALLEY,ANINI,2018-08-30,14:00:00,0,0,19.7,19.6,20.2,,,302,1,831.3,1377.4,8.21,12.7,L
16,DIBANG_VALLEY,ANINI,2018-08-30,15:00:00,0,0,19.6,19.4,19.8,,,270,2,832.2,1380.3,8.21,12.7,L
17,DIBANG_VALLEY,ANINI,2018-08-30,16:00:00,0,0,19.4,19.3,19.6,,,329,1,832.5,1383.4,8.21,12.7,L
18,DIBANG_VALLEY,ANINI,2018-08-30,17:00:00,0,0,19.3,19.2,19.5,,,6,1,832.8,1385.2,8.21,12.7,L
19,DIBANG_VALLEY,ANINI,2018-08-30,18:00:00,0,0,19.1,19.0,19.4,,,60,1,832.7,1387.6,8.21,12.7,L
20,DIBANG_VALLEY,ANINI,2018-08-30,19:00:00,0,0,19.1,19.1,19.3,,,276,1,832.4,1387.1,8.21,12.7,L
21,DIBANG_VALLEY,ANINI,2018-08-30,20:00:00,0,0,19.1,18.7,19.2,,,69,0,832.2,1386.7,8.21,12.6,L
22,DIBANG_VALLEY,ANINI,2018-08-30,21:00:00,0,0,19.0,18.8,19.2,,,347,0,832.3,1388.2,0.0,12.6,L
23,DIBANG_VALLEY,ANINI,2018-08-30,22:00:00,0,0,18.6,18.5,19.0,,,86,0,832.2,1393.2,0.0,12.6,L
24,DIBANG_VALLEY,ANINI,2018-08-30,23:00:00,0,0,18.6,18.5,18.8,,,304,1,832.5,1393.7,0.0,12.6,L
25,DIBANG_VALLEY,ANINI,2018-08-31,00:00:00,0,0,18.9,18.4,18.9,,,118,1,833.3,1391.2,0.0,12.7,L
26,DIBANG_VALLEY,ANINI,2018-08-31,01:00:00,0,0,19.8,18.9,19.9,,,87,1,833.4,1379.8,0.0,13.4,L
27,DIBANG_VALLEY,ANINI,2018-08-31,02:00:00,0,0,20.8,19.9,21.4,,,302,1,833.4,1366.9,0.35,14.3,L
28,DIBANG_VALLEY,ANINI,2018-08-31,03:00:00,0,0,25.9,21.0,26.1,18.4,72.0,181,1,833.0,1300.2,1.35,14.3,L
29,DIBANG_VALLEY,ANINI,2018-08-31,04:00:00,0,0,27.2,25.6,28.2,,65.0,173,1,832.2,1281.5,2.35,14.4,L
30,DIBANG_VALLEY,ANINI,2018-08-31,05:00:00,0,0,28.7,27.5,28.9,,57.0,240,2,831.2,1259.5,3.35,14.4,L
31,DIBANG_VALLEY,ANINI,2018-08-31,07:00:00,0,0,31.3,29.8,31.3,,43.0,219,5,829.1,1219.6,5.35,14.5,L
32,DIBANG_VALLEY,ANINI,2018-08-31,08:00:00,0,0,30.0,29.9,31.4,,47.0,222,7,828.4,1235.0,6.35,14.4,L
33,DIBANG_VALLEY,ANINI,2018-08-31,09:00:00,0,0,26.9,26.7,30.5,,56.0,217,5,828.2,1275.8,7.35,14.4,L
34,DIBANG_VALLEY,ANINI,2018-08-31,10:00:00,0,0,26.3,26.3,28.8,,52.0,217,7,828.5,1284.6,8.17,14.4,L
35,DIBANG_VALLEY,ANINI,2018-08-31,11:00:00,0,0,24.2,24.1,26.3,,74.0,250,6,828.7,1313.0,8.17,13.7,L
36,DIBANG_VALLEY,ANINI,2018-08-31,12:00:00,0,0,23.3,23.2,24.4,,75.0,359,0,829.5,1326.6,8.17,13.3,L
37,DIBANG_VALLEY,ANINI,2018-08-31,13:00:00,0,0,21.6,21.5,23.2,,91.0,324,3,830.6,1351.2,8.17,13.0,L
38,DIBANG_VALLEY,ANINI,2018-08-31,14:00:00,0,0,21.3,21.3,21.6,,92.0,288,1,831.8,1357.4,8.17,12.7,L
39,DIBANG_VALLEY,ANINI,2018-08-31,15:00:00,0,0,20.6,20.5,21.4,,99.0,313,1,832.7,1368.2,8.17,12.8,L
40,DIBANG_VALLEY,ANINI,2018-08-31,16:00:00,0,0,20.0,20.0,20.6,,,178,0,832.8,1376.1,8.17,12.7,L
41,DIBANG_VALLEY,ANINI,2018-08-31,17:00:00,0,0,19.7,19.5,20.0,,,108,3,833.0,1380.3,8.17,12.7,L
42,DIBANG_VALLEY,ANINI,2018-08-31,18:00:00,0,0,19.9,19.7,20.0,,,101,2,832.8,1377.4,8.17,12.7,L
43,DIBANG_VALLEY,ANINI,2018-08-31,19:00:00,0,0,19.6,19.5,19.9,,,60,1,832.5,1380.8,8.17,12.7,L
44,DIBANG_VALLEY,ANINI,2018-08-31,20:00:00,0,0,19.0,19.0,19.7,,,320,1,832.5,1388.6,8.17,12.7,L
45,DIBANG_VALLEY,ANINI,2018-08-31,21:00:00,0,0,19.1,19.0,19.3,,,277,1,832.2,1386.7,0.0,12.6,L
46,DIBANG_VALLEY,ANINI,2018-08-31,22:00:00,0,0,18.6,18.5,19.2,,,333,1,831.9,1392.7,0.0,12.6,L
47,DIBANG_VALLEY,ANINI,2018-08-31,23:00:00,0,0,18.0,17.9,18.7,,,107,2,832.2,1401.0,0.0,12.6,L
48,DIBANG_VALLEY,ANINI,2018-09-01,00:00:00,0,0,18.4,18.0,18.4,,,96,1,832.4,1396.2,0.0,12.7,L
49,DIBANG_VALLEY,ANINI,2018-09-01,01:00:00,0,0,20.9,18.5,20.9,,96.0,153,1,832.4,1363.7,0.0,13.2,L
50,DIBANG_VALLEY,ANINI,2018-09-01,02:00:00,0,0,22.0,21.0,22.5,,94.0,217,1,832.6,1349.8,0.4,14.3,L
51,DIBANG_VALLEY,ANINI,2018-09-01,03:00:00,0,0,23.0,22.0,23.1,17.9,83.0,257,3,832.9,1337.5,1.4,14.4,L
52,DIBANG_VALLEY,ANINI,2018-09-01,04:00:00,0,0,24.3,22.7,24.8,,82.0,266,3,832.6,1320.0,2.4,14.4,L
53,DIBANG_VALLEY,ANINI,2018-09-01,05:00:00,0,0,26.3,24.6,26.7,,72.0,229,3,831.8,1292.3,3.4,14.3,L
54,DIBANG_VALLEY,ANINI,2018-09-01,06:00:00,0,0,28.7,26.7,28.9,,59.0,229,3,831.1,1259.2,4.4,14.4,L
55,DIBANG_VALLEY,ANINI,2018-09-01,07:00:00,0,0,29.2,28.5,29.9,,48.0,223,8,830.5,1251.1,5.4,14.4,L
56,DIBANG_VALLEY,ANINI,2018-09-01,08:00:00,0,0,28.1,27.9,29.3,,56.0,227,9,830.1,1264.6,6.4,14.4,L
57,DIBANG_VALLEY,ANINI,2018-09-01,09:00:00,0,0,27.7,26.8,28.9,,57.0,226,8,829.8,1269.1,7.4,14.4,L
58,DIBANG_VALLEY,ANINI,2018-09-01,11:00:00,0,0,24.5,24.3,25.1,,72.0,260,3,830.1,1312.0,8.25,14.4,L
59,DIBANG_VALLEY,ANINI,2018-09-01,13:00:00,0,0,20.8,20.8,21.8,,96.0,304,1,831.7,1363.7,8.25,12.9,L
60,DIBANG_VALLEY,ANINI,2018-09-01,15:00:00,0,0,20.1,20.1,20.5,,,297,1,833.7,1376.4,8.25,12.7,L
61,DIBANG_VALLEY,ANINI,2018-09-01,16:00:00,0,0,19.9,19.8,20.2,,,359,0,834.0,1379.5,8.25,12.8,L
62,DIBANG_VALLEY,ANINI,2018-09-01,17:00:00,0,0,19.3,19.3,20.1,,,312,1,833.9,1387.0,8.25,12.7,L
63,DIBANG_VALLEY,ANINI,2018-09-01,18:00:00,0,0,19.2,19.1,19.4,,,310,1,833.7,1388.0,8.25,12.7,L
64,DIBANG_VALLEY,ANINI,2018-09-01,19:00:00,0,0,18.8,18.8,19.4,,,347,1,833.3,1392.5,8.25,12.7,L
65,DIBANG_VALLEY,ANINI,2018-09-01,20:00:00,0,0,18.7,18.7,18.9,,,284,1,832.8,1392.9,8.25,12.6,L
66,DIBANG_VALLEY,ANINI,2018-09-01,21:00:00,0,0,18.5,18.4,18.7,,,243,0,833.0,1395.9,0.0,12.7,L
67,DIBANG_VALLEY,ANINI,2018-09-01,22:00:00,0,0,18.6,18.5,18.8,,,297,1,833.0,1394.6,0.0,12.6,L
68,DIBANG_VALLEY,ANINI,2018-09-01,23:00:00,0,0,18.6,18.4,18.6,,,359,0,833.0,1394.6,0.0,12.6,L
69,DIBANG_VALLEY,ANINI,2018-09-02,00:00:00,0,0,18.5,18.5,18.7,,,297,1,833.0,1395.9,0.0,12.7,L
70,DIBANG_VALLEY,ANINI,2018-09-02,01:00:00,0,0,19.2,18.6,19.2,,,267,2,833.2,1387.1,0.0,13.0,L
71,DIBANG_VALLEY,ANINI,2018-09-02,02:00:00,0,0,20.0,19.1,20.2,,,260,1,833.6,1377.5,0.08,13.6,L
72,DIBANG_VALLEY,ANINI,2018-09-02,03:00:00,0,0,22.2,20.1,22.2,18.4,94.0,195,1,833.6,1349.2,1.08,14.3,L
73,DIBANG_VALLEY,ANINI,2018-09-02,04:00:00,0,0,23.3,22.2,23.5,,86.0,242,3,833.6,1335.1,2.08,14.3,L
74,DIBANG_VALLEY,ANINI,2018-09-02,05:00:00,0,0,24.8,23.4,25.3,,77.0,246,3,833.0,1314.4,3.08,14.4,L
75,DIBANG_VALLEY,ANINI,2018-09-02,06:00:00,0,0,27.0,25.1,27.3,,64.0,258,4,832.0,1283.6,4.07,14.4,L
76,DIBANG_VALLEY,ANINI,2018-09-02,07:00:00,0,0,28.6,26.9,30.1,,59.0,216,4,830.7,1259.5,5.07,14.4,L
77,DIBANG_VALLEY,ANINI,2018-09-02,08:00:00,0,0,27.0,26.8,28.6,,56.0,188,4,829.7,1278.1,6.07,14.4,L
78,DIBANG_VALLEY,ANINI,2018-09-02,09:00:00,0,0,25.7,25.7,27.4,,60.0,220,5,829.0,1293.7,7.07,14.4,L
79,DIBANG_VALLEY,ANINI,2018-09-02,10:00:00,0,0,26.2,25.7,27.0,,59.0,233,4,828.9,1286.8,8.07,14.4,L
80,DIBANG_VALLEY,ANINI,2018-09-02,11:00:00,0,0,23.7,23.6,26.4,,73.0,224,3,829.3,1320.9,8.09,13.8,L
81,DIBANG_VALLEY,ANINI,2018-09-02,12:00:00,0,0,21.7,21.6,23.8,30.1,87.0,324,3,830.2,1349.1,8.09,13.2,U
82,DIBANG_VALLEY,ANINI,2018-09-02,13:00:00,0,0,20.4,20.4,21.6,,96.0,312,3,831.2,1368.0,8.09,12.8,L
83,DIBANG_VALLEY,ANINI,2018-09-02,14:00:00,0,0,20.4,20.4,20.7,,96.0,311,1,832.1,1369.7,8.09,12.7,L
84,DIBANG_VALLEY,ANINI,2018-09-02,15:00:00,0,0,20.3,20.2,20.5,,98.0,262,1,832.7,1372.1,8.09,12.7,L
85,DIBANG_VALLEY,ANINI,2018-09-02,16:00:00,0,0,20.0,20.0,20.4,,,294,1,832.9,1376.3,8.09,12.7,L
86,DIBANG_VALLEY,ANINI,2018-09-02,17:00:00,0,0,19.6,19.6,20.0,,,285,1,833.0,1381.6,8.09,12.7,L
87,DIBANG_VALLEY,ANINI,2018-09-02,18:00:00,0,0,19.3,19.1,19.7,,,283,1,832.5,1384.7,8.09,12.7,L
88,DIBANG_VALLEY,ANINI,2018-09-02,19:00:00,0,0,19.1,18.9,19.3,,,281,1,832.3,1386.9,8.09,12.6,L
89,DIBANG_VALLEY,ANINI,2018-09-02,20:00:00,0,0,18.8,18.8,19.1,,,300,1,831.8,1390.0,8.09,12.6,L
90,DIBANG_VALLEY,ANINI,2018-09-02,21:00:00,0,0,18.6,18.5,18.9,,,279,1,831.9,1392.7,0.0,12.6,L
91,DIBANG_VALLEY,ANINI,2018-09-02,22:00:00,0,0,18.4,18.4,18.6,,,316,1,831.8,1395.2,0.0,12.6,L
92,DIBANG_VALLEY,ANINI,2018-09-02,23:00:00,0,0,18.4,18.4,18.5,,,314,1,832.1,1395.7,0.0,12.6,L
93,DIBANG_VALLEY,ANINI,2018-09-03,00:00:00,0,0,18.4,18.3,18.5,,,290,1,832.5,1396.3,0.0,12.6,L
94,DIBANG_VALLEY,ANINI,2018-09-03,01:00:00,0,0,19.0,18.4,19.0,,,275,2,833.1,1389.6,0.0,13.0,L
95,DIBANG_VALLEY,ANINI,2018-09-03,02:00:00,0,0,19.4,19.0,19.5,,,287,1,833.5,1385.1,0.0,13.4,L
96,DIBANG_VALLEY,ANINI,2018-09-03,03:00:00,0,0,20.6,19.4,20.7,18.3,,296,2,833.6,1369.8,0.2,14.3,L
97,DIBANG_VALLEY,ANINI,2018-09-03,04:00:00,0,0,21.4,20.0,21.5,,,302,2,833.5,1359.3,0.51,14.3,L
98,DIBANG_VALLEY,ANINI,2018-09-03,05:00:00,0,0,23.1,21.3,23.3,,90.0,277,1,833.0,1336.4,1.51,14.4,L
99,DIBANG_VALLEY,ANINI,2018-09-03,06:00:00,0,0,25.2,22.9,25.7,,78.0,237,3,832.1,1307.3,2.51,14.4,L
100,DIBANG_VALLEY,ANINI,2018-09-03,07:00:00,0,0,27.5,24.9,28.0,,62.0,200,2,831.1,1274.9,3.51,14.3,L
101,DIBANG_VALLEY,ANINI,2018-09-03,08:00:00,0,0,29.2,27.4,29.3,,55.0,189,2,830.1,1250.1,4.51,14.3,L
102,DIBANG_VALLEY,ANINI,2018-09-03,10:00:00,0,0,28.0,27.1,29.3,,60.0,222,6,829.3,1263.9,6.34,14.4,L
103,DIBANG_VALLEY,ANINI,2018-09-03,11:00:00,0,0,24.2,24.1,28.1,,78.0,297,3,829.6,1314.9,6.34,14.4,L
104,DIBANG_VALLEY,ANINI,2018-09-03,12:00:00,0,0,21.2,21.2,24.1,,91.0,298,2,830.3,1355.9,6.34,13.3,L
105,DIBANG_VALLEY,ANINI,2018-09-03,14:00:00,0,0,20.4,20.3,20.6,,,287,3,832.6,1370.6,6.34,12.7,L
106,DIBANG_VALLEY,ANINI,2018-09-03,15:00:00,0,0,19.6,19.6,20.4,,,289,1,833.4,1382.3,6.34,12.7,L
107,DIBANG_VALLEY,ANINI,2018-09-03,16:00:00,0,0,19.6,19.3,19.6,,,258,1,833.7,1382.9,6.34,12.7,L
108,DIBANG_VALLEY,ANINI,2018-09-03,17:00:00,0,0,19.2,19.1,19.7,,,317,1,833.7,1388.0,6.34,12.7,L
109,DIBANG_VALLEY,ANINI,2018-09-03,18:00:00,0,0,19.2,19.1,19.3,,,294,1,833.5,1387.7,6.34,12.7,L
110,DIBANG_VALLEY,ANINI,2018-09-03,19:00:00,0,0,18.9,18.7,19.2,,,286,2,833.3,1391.2,6.34,12.7,L
111,DIBANG_VALLEY,ANINI,2018-09-03,20:00:00,0,0,19.2,18.8,19.2,,,289,0,832.9,1386.6,6.34,12.7,L
112,DIBANG_VALLEY,ANINI,2018-09-03,21:00:00,0,0,19.2,19.0,19.3,,,64,1,832.7,1386.3,0.0,12.7,L
113,DIBANG_VALLEY,ANINI,2018-09-03,22:00:00,0,0,19.1,19.0,19.4,,,324,1,832.7,1387.6,0.0,12.6,L
114,DIBANG_VALLEY,ANINI,2018-09-03,23:00:00,0,0,19.3,19.0,19.4,,,273,0,832.7,1385.0,0.0,12.7,L
115,DIBANG_VALLEY,ANINI,2018-09-04,00:00:00,0,0,19.0,19.0,19.4,,,339,1,833.1,1389.6,0.0,12.7,L
116,DIBANG_VALLEY,ANINI,2018-09-04,01:00:00,0,0,21.2,19.2,21.3,,,278,2,833.1,1361.2,0.07,13.4,L
117,DIBANG_VALLEY,ANINI,2018-09-04,02:00:00,0,0,22.4,21.2,22.5,,99.0,259,2,833.0,1345.5,1.07,14.4,L
118,DIBANG_VALLEY,ANINI,2018-09-04,03:00:00,0,0,25.9,22.4,26.1,19.0,73.0,255,2,832.7,1299.5,2.07,14.4,L
119,DIBANG_VALLEY,ANINI,2018-09-04,04:00:00,0,0,25.7,25.3,26.0,,74.0,260,2,832.3,1301.2,3.07,14.3,L
120,DIBANG_VALLEY,ANINI,2018-09-04,05:00:00,0,0,27.9,25.9,29.1,,62.0,265,6,831.7,1271.2,4.07,14.4,L
121,DIBANG_VALLEY,ANINI,2018-09-04,06:00:00,0,0,29.5,27.3,30.2,,56.0,251,5,830.8,1248.0,5.07,14.4,L
122,DIBANG_VALLEY,ANINI,2018-09-04,07:00:00,0,0,30.6,29.3,30.7,,48.0,245,6,829.6,1230.3,6.07,14.4,L
123,DIBANG_VALLEY,ANINI,2018-09-04,08:00:00,0,0,31.6,30.2,31.7,,42.0,208,5,828.8,1214.8,7.07,14.4,L
124,DIBANG_VALLEY,ANINI,2018-09-04,09:00:00,0,0,30.3,30.2,31.9,,46.0,217,7,828.1,1230.2,8.07,14.4,L
125,DIBANG_VALLEY,ANINI,2018-09-04,10:00:00,0,0,29.1,28.9,30.5,,47.0,215,7,828.2,1246.5,8.47,14.4,L
126,DIBANG_VALLEY,ANINI,2018-09-04,11:00:00,0,0,26.2,26.2,29.3,,56.0,218,6,828.4,1285.7,8.47,14.3,L
127,DIBANG_VALLEY,ANINI,2018-09-04,12:00:00,0,0,22.9,22.8,26.3,31.9,78.0,260,4,829.2,1331.3,8.47,13.2,L
128,DIBANG_VALLEY,ANINI,2018-09-04,13:00:00,0,0,21.8,21.7,23.0,,90.0,304,1,830.3,1348.0,8.47,12.9,L
129,DIBANG_VALLEY,ANINI,2018-09-04,15:00:00,0,0,21.2,21.2,21.5,,95.0,274,1,832.3,1359.7,8.47,12.7,L
130,DIBANG_VALLEY,ANINI,2018-09-04,16:00:00,0,0,20.5,20.5,21.2,,,310,1,832.7,1369.5,8.47,12.7,L
131,DIBANG_VALLEY,ANINI,2018-09-04,17:00:00,0,0,20.6,20.3,20.7,,,80,0,832.9,1368.5,8.47,12.7,L
132,DIBANG_VALLEY,ANINI,2018-09-04,18:00:00,0,0,20.2,20.0,20.9,,,330,1,832.7,1373.3,8.47,12.7,L
133,DIBANG_VALLEY,ANINI,2018-09-04,19:00:00,0,0,20.3,20.1,20.4,,,359,0,832.3,1371.3,8.47,12.7,L
134,DIBANG_VALLEY,ANINI,2018-09-04,20:00:00,0,0,19.8,19.8,20.3,,,270,2,832.2,1377.7,8.47,12.7,L
135,DIBANG_VALLEY,ANINI,2018-09-04,21:00:00,0,0,19.8,19.6,19.9,,,122,0,832.0,1377.3,0.0,12.6,L
136,DIBANG_VALLEY,ANINI,2018-09-04,22:00:00,0,0,19.4,19.3,19.8,,,191,0,832.1,1382.7,0.0,12.6,L
137,DIBANG_VALLEY,ANINI,2018-09-04,23:00:00,0,0,19.4,19.3,19.5,,,110,2,832.4,1383.2,0.0,12.6,L
138,DIBANG_VALLEY,ANINI,2018-09-05,00:00:00,0,0,19.5,19.2,19.5,,,284,1,832.9,1382.8,0.0,12.7,L
139,DIBANG_VALLEY,ANINI,2018-09-05,01:00:00,0,0,20.4,19.3,20.5,,,39,1,832.9,1371.1,0.0,13.3,L
140,DIBANG_VALLEY,ANINI,2018-09-05,02:00:00,0,0,21.7,20.4,21.8,,92.0,262,1,832.4,1353.4,0.33,14.3,L
141,DIBANG_VALLEY,ANINI,2018-09-05,03:00:00,0,0,23.6,21.8,23.7,19.2,82.0,256,3,832.6,1329.1,1.33,14.4,L
142,DIBANG_VALLEY,ANINI,2018-09-05,04:00:00,0,0,26.1,23.5,26.2,,70.0,232,2,832.3,1296.0,2.33,14.4,L
143,DIBANG_VALLEY,ANINI,2018-09-05,05:00:00,0,0,27.2,25.1,27.5,,62.0,226,3,831.5,1279.8,3.33,14.4,L
144,DIBANG_VALLEY,ANINI,2018-09-05,06:00:00,0,0,26.9,26.7,27.8,,64.0,247,6,830.7,1281.8,4.33,14.4,L
145,DIBANG_VALLEY,ANINI,2018-09-05,07:00:00,0,0,29.0,27.0,29.0,,55.0,258,5,829.7,1251.7,5.33,14.4,L
146,DIBANG_VALLEY,ANINI,2018-09-05,08:00:00,0,0,29.4,28.6,29.8,,48.0,230,6,828.9,1244.3,6.33,14.4,L
147,DIBANG_VALLEY,ANINI,2018-09-05,09:00:00,0,0,28.6,27.9,29.8,,51.0,220,8,828.4,1253.7,7.33,14.4,L
148,DIBANG_VALLEY,ANINI,2018-09-05,10:00:00,0,0,27.2,27.1,28.8,,56.0,222,9,828.4,1272.3,8.11,14.4,L
149,DIBANG_VALLEY,ANINI,2018-09-05,11:00:00,0,0,25.3,25.2,27.1,,61.0,200,4,828.8,1298.6,8.11,13.7,L
150,DIBANG_VALLEY,ANINI,2018-09-05,12:00:00,0,0,24.2,24.1,25.5,29.8,68.0,247,4,829.7,1315.1,8.11,13.3,L
151,DIBANG_VALLEY,ANINI,2018-09-05,13:00:00,0,0,22.3,22.0,24.1,,81.0,282,2,830.4,1341.6,8.11,12.9,L
152,DIBANG_VALLEY,ANINI,2018-09-05,14:00:00,0,0,21.8,21.6,22.2,,91.0,302,3,831.5,1350.3,8.11,12.7,L
153,DIBANG_VALLEY,ANINI,2018-09-05,15:00:00,0,0,21.6,21.4,21.8,,92.0,262,1,832.2,1354.3,8.11,12.7,L
154,DIBANG_VALLEY,ANINI,2018-09-05,16:00:00,0,0,21.5,21.3,21.6,,92.0,306,1,832.2,1355.6,8.11,12.7,L
155,DIBANG_VALLEY,ANINI,2018-09-05,17:00:00,0,0,20.9,20.8,21.5,,99.0,291,1,832.3,1363.5,8.11,12.7,L
156,DIBANG_VALLEY,ANINI,2018-09-05,18:00:00,0,0,20.8,20.8,21.0,,,237,0,832.1,1364.5,8.11,12.7,L
157,DIBANG_VALLEY,ANINI,2018-09-05,19:00:00,0,0,20.0,20.0,20.9,,,319,1,832.1,1374.9,8.11,12.7,L
158,DIBANG_VALLEY,ANINI,2018-09-05,20:00:00,0,0,19.8,19.8,20.0,,,309,1,831.7,1376.8,8.11,12.7,L
159,DIBANG_VALLEY,ANINI,2018-09-05,21:00:00,0,0,19.8,19.7,19.9,,,321,0,831.7,1376.8,0.0,12.6,L
160,DIBANG_VALLEY,ANINI,2018-09-05,22:00:00,0,0,19.6,19.6,19.9,,,283,1,832.0,1379.9,0.0,12.6,L
161,DIBANG_VALLEY,ANINI,2018-09-05,23:00:00,0,0,19.5,19.5,19.8,,,78,0,832.1,1381.4,0.0,12.7,L
162,TAWANG,TAWANG,2018-08-30,00:00:00,1,18,12.6,12.2,12.7,,40.0,2,1,718.4,2701.6,4.0,12.1,L
163,TAWANG,TAWANG,2018-08-30,01:00:00,1,18,13.0,12.5,13.0,,40.0,2,1,718.6,2692.2,5.0,12.2,L
164,TAWANG,TAWANG,2018-08-30,02:00:00,2,20,13.2,12.8,13.4,,40.0,2,1,719.3,2688.4,6.0,12.4,L
165,TAWANG,TAWANG,2018-08-30,03:00:00,2,21,14.3,12.9,14.3,12.2,40.0,2,1,719.6,2662.4,7.0,13.1,L
166,TAWANG,TAWANG,2018-08-30,04:00:00,0,0,14.1,13.9,14.8,,40.0,2,1,719.5,2667.0,8.0,13.7,L
167,TAWANG,TAWANG,2018-08-30,05:00:00,0,0,14.8,14.1,15.0,,41.0,2,1,719.3,2649.9,9.0,14.2,L
168,TAWANG,TAWANG,2018-08-30,06:00:00,0,0,15.2,14.4,15.5,,41.0,2,1,719.0,2639.8,10.0,13.4,L
169,TAWANG,TAWANG,2018-08-30,07:00:00,0,0,15.2,14.6,15.7,,41.0,2,1,718.8,2639.4,11.0,13.5,L
170,TAWANG,TAWANG,2018-08-30,08:00:00,0,0,15.6,14.9,16.3,,41.0,2,1,718.3,2628.9,12.0,13.7,L
171,TAWANG,TAWANG,2018-08-30,09:00:00,0,0,16.5,15.3,16.8,,41.0,2,1,717.7,2606.1,13.0,13.4,L
172,TAWANG,TAWANG,2018-08-30,10:00:00,0,0,15.7,15.3,16.5,,41.0,2,1,717.5,2625.2,14.0,13.2,L
173,TAWANG,TAWANG,2018-08-30,11:00:00,0,0,15.2,15.3,15.7,,41.0,2,1,717.3,2636.9,15.0,13.0,L
174,TAWANG,TAWANG,2018-08-30,12:00:00,0,0,14.7,14.5,15.3,16.8,41.0,2,1,717.5,2649.4,16.0,12.6,L
175,TAWANG,TAWANG,2018-08-30,13:00:00,0,0,14.3,14.3,14.7,,40.0,2,1,717.8,2659.6,17.0,12.3,L
176,TAWANG,TAWANG,2018-08-30,14:00:00,0,0,14.2,14.0,14.5,,40.0,2,1,718.5,2663.1,18.0,12.3,L
177,TAWANG,TAWANG,2018-08-30,15:00:00,0,0,14.0,13.9,14.2,,40.0,2,1,719.2,2669.0,19.0,12.3,L
178,TAWANG,TAWANG,2018-08-30,16:00:00,0,0,13.8,13.7,14.0,,40.0,2,1,719.7,2674.5,20.0,12.3,L
179,TAWANG,TAWANG,2018-08-30,17:00:00,0,0,13.6,13.5,13.9,,40.0,2,1,719.7,2679.3,0.31,12.3,L
180,TAWANG,TAWANG,2018-08-30,18:00:00,1,1,13.3,13.2,13.6,,40.0,2,1,719.6,2686.4,1.31,12.2,L
181,TAWANG,TAWANG,2018-08-30,19:00:00,2,3,13.4,13.2,13.4,,40.0,2,22,719.4,2683.7,2.31,12.2,L
182,TAWANG,TAWANG,2018-08-30,20:00:00,2,5,13.1,13.0,13.4,,40.0,2,1,719.3,2690.8,3.31,12.2,L
183,TAWANG,TAWANG,2018-08-30,21:00:00,2,7,13.0,12.7,13.2,,40.0,2,1,719.3,2693.2,1.0,12.2,L
184,TAWANG,TAWANG,2018-08-30,22:00:00,1,8,12.9,12.8,13.0,,40.0,2,1,719.3,2695.6,2.0,12.2,L
185,TAWANG,TAWANG,2018-08-30,23:00:00,1,8,12.6,12.5,12.9,,40.0,2,1,719.5,2703.1,3.0,12.1,L
186,TAWANG,TAWANG,2018-08-31,00:00:00,0,8,12.7,12.4,12.7,,40.0,2,1,719.7,2701.0,4.0,12.1,L
187,TAWANG,TAWANG,2018-08-31,01:00:00,0,8,13.2,12.6,13.4,,40.0,2,1,719.9,2689.2,5.0,12.9,L
188,TAWANG,TAWANG,2018-08-31,02:00:00,0,8,14.4,13.2,15.0,,40.0,2,1,720.1,2660.8,6.0,13.1,L
189,TAWANG,TAWANG,2018-08-31,03:00:00,0,8,15.1,14.2,15.2,12.4,41.0,2,1,720.1,2644.0,7.0,13.6,L
190,TAWANG,TAWANG,2018-08-31,04:00:00,0,0,15.6,14.9,16.9,,41.0,2,1,720.3,2632.4,8.0,13.8,L
191,TAWANG,TAWANG,2018-08-31,05:00:00,0,0,16.3,15.6,16.7,,41.0,2,1,719.9,2614.9,9.0,13.6,L
192,TAWANG,TAWANG,2018-08-31,06:00:00,0,0,18.4,16.3,18.7,,41.0,2,1,719.6,2563.9,10.0,13.9,L
193,TAWANG,TAWANG,2018-08-31,07:00:00,0,0,19.5,17.9,20.6,,41.0,2,1,718.9,2536.0,11.0,13.5,L
194,TAWANG,TAWANG,2018-08-31,08:00:00,0,0,17.7,17.9,19.9,,41.0,2,1,718.5,2578.6,12.0,14.3,L
195,TAWANG,TAWANG,2018-08-31,09:00:00,0,0,19.4,17.6,19.4,,41.0,2,1,718.3,2537.1,13.0,13.8,L
196,TAWANG,TAWANG,2018-08-31,10:00:00,0,0,18.4,18.2,20.4,,41.0,2,1,718.1,2560.9,14.0,14.1,L
197,TAWANG,TAWANG,2018-08-31,11:00:00,0,0,16.5,16.4,19.0,,41.0,2,1,718.0,2606.7,15.0,13.4,L
198,TAWANG,TAWANG,2018-08-31,12:00:00,0,0,15.0,15.0,16.5,20.6,41.0,2,1,718.4,2643.6,16.0,12.8,L
199,TAWANG,TAWANG,2018-08-31,13:00:00,0,0,14.1,14.2,15.0,,40.0,2,1,719.0,2666.3,17.0,12.3,L
200,TAWANG,TAWANG,2018-08-31,14:00:00,0,0,13.9,13.9,14.3,,40.0,2,1,719.7,2672.1,18.0,12.3,L
201,TAWANG,TAWANG,2018-08-31,15:00:00,0,0,13.7,13.7,14.1,,40.0,2,1,720.4,2678.0,19.0,12.3,L
202,TAWANG,TAWANG,2018-08-31,16:00:00,2,2,13.2,13.1,13.8,,40.0,2,1,720.9,2690.7,20.0,12.2,L
203,TAWANG,TAWANG,2018-08-31,17:00:00,5,6,12.9,12.8,13.3,,40.0,2,1,721.0,2698.0,0.31,12.2,L
204,TAWANG,TAWANG,2018-08-31,18:00:00,100,10,12.5,12.2,12.9,,40.0,2,1,720.7,2707.1,1.31,12.2,L
205,TAWANG,TAWANG,2018-08-31,19:00:00,1,11,12.5,12.2,12.5,,40.0,2,1,720.3,2706.6,2.31,12.2,L
206,TAWANG,TAWANG,2018-08-31,20:00:00,0,11,12.5,12.3,12.6,,40.0,2,1,719.8,2705.9,3.31,12.2,L
207,TAWANG,TAWANG,2018-08-31,21:00:00,0,11,12.0,12.0,12.5,,40.0,2,1,719.6,2717.6,1.0,12.1,L
208,TAWANG,TAWANG,2018-08-31,22:00:00,0,11,11.8,11.7,12.0,,40.0,2,1,719.2,2721.9,2.0,12.1,L
209,TAWANG,TAWANG,2018-08-31,23:00:00,0,11,11.8,11.8,12.0,,40.0,2,1,719.1,2721.8,3.0,12.1,L
210,TAWANG,TAWANG,2018-09-01,00:00:00,0,11,12.2,11.8,12.2,,40.0,2,1,719.8,2713.1,4.0,12.1,L
211,TAWANG,TAWANG,2018-09-01,01:00:00,0,11,13.9,12.1,14.2,,40.0,2,1,720.0,2672.6,5.0,13.4,L
212,TAWANG,TAWANG,2018-09-01,02:00:00,0,11,15.9,13.9,16.4,,41.0,2,1,720.4,2625.4,6.0,13.4,L
213,TAWANG,TAWANG,2018-09-01,03:00:00,0,11,16.3,15.4,17.1,11.7,41.0,2,1,720.7,2616.3,7.0,13.6,L
214,TAWANG,TAWANG,2018-09-01,04:00:00,0,0,18.7,16.0,18.8,,41.0,2,1,720.7,2559.0,8.0,13.4,L
215,TAWANG,TAWANG,2018-09-01,05:00:00,0,0,17.4,17.0,19.4,,41.0,2,1,720.6,2589.8,9.0,13.6,L
216,TAWANG,TAWANG,2018-09-01,06:00:00,0,0,18.3,17.2,19.9,,41.0,2,1,720.2,2567.5,10.0,13.4,L
217,TAWANG,TAWANG,2018-09-01,07:00:00,0,0,18.0,17.2,18.8,,41.0,2,1,719.8,2573.9,11.0,14.1,L
218,TAWANG,TAWANG,2018-09-01,08:00:00,0,0,17.2,17.2,19.2,,41.0,2,1,719.3,2592.2,12.0,13.9,L
219,TAWANG,TAWANG,2018-09-01,09:00:00,0,0,17.0,16.6,17.4,,41.0,2,1,714.0,2587.1,13.0,14.0,L
220,TAWANG,TAWANG,2018-09-01,10:00:00,1,1,16.1,15.9,17.4,,41.0,2,1,718.7,2617.6,14.0,13.3,L
221,TAWANG,TAWANG,2018-09-01,11:00:00,0,1,15.6,15.6,16.7,,41.0,2,1,718.7,2629.6,15.0,13.0,L
222,TAWANG,TAWANG,2018-09-01,12:00:00,0,1,14.4,14.4,15.6,19.9,40.0,2,1,719.2,2659.4,16.0,12.5,L
223,TAWANG,TAWANG,2018-09-01,13:00:00,0,1,13.8,13.8,14.5,,40.0,2,1,719.8,2674.7,17.0,12.3,L
224,TAWANG,TAWANG,2018-09-01,14:00:00,1,1,13.6,13.5,13.9,,40.0,2,1,720.6,2680.7,18.0,12.2,L
225,TAWANG,TAWANG,2018-09-01,15:00:00,0,1,13.7,13.5,13.8,,40.0,2,1,721.0,2678.9,19.0,12.2,L
226,TAWANG,TAWANG,2018-09-01,16:00:00,0,1,13.6,13.3,13.8,,40.0,2,0,721.1,2681.4,20.0,12.2,L
227,TAWANG,TAWANG,2018-09-01,17:00:00,0,1,13.5,13.0,13.7,,40.0,2,1,721.0,2683.7,0.31,12.2,L
228,TAWANG,TAWANG,2018-09-01,18:00:00,1,2,13.5,13.1,13.5,,40.0,2,1,720.6,2683.1,1.31,12.2,L
229,TAWANG,TAWANG,2018-09-01,19:00:00,3,4,13.2,13.1,13.5,,40.0,2,1,720.2,2689.7,2.31,12.2,L
230,TAWANG,TAWANG,2018-09-01,20:00:00,1,5,12.9,12.9,13.2,,40.0,2,1,719.9,2696.4,3.31,12.1,L
231,TAWANG,TAWANG,2018-09-01,21:00:00,1,6,12.9,12.8,13.0,,40.0,2,1,719.7,2696.2,1.0,12.1,L
232,TAWANG,TAWANG,2018-09-01,22:00:00,0,6,12.8,12.7,12.9,,40.0,2,1,719.6,2698.4,2.0,12.1,L
233,TAWANG,TAWANG,2018-09-01,23:00:00,1,7,12.8,12.6,12.9,,40.0,2,1,719.7,2698.6,3.0,12.1,L
234,TAWANG,TAWANG,2018-09-02,03:00:00,1,8,13.8,13.0,13.8,,40.0,2,1,721.1,2676.7,7.0,12.9,L
235,TAWANG,TAWANG,2018-09-02,04:00:00,0,0,14.2,13.5,14.5,,40.0,2,1,721.3,2667.4,8.0,13.2,L
236,TAWANG,TAWANG,2018-09-02,05:00:00,1,1,14.1,13.6,14.5,,40.0,2,1,721.0,2669.3,9.0,13.4,L
237,TAWANG,TAWANG,2018-09-02,06:00:00,0,1,13.7,13.6,14.2,,40.0,2,1,720.4,2678.0,10.0,13.2,L
238,TAWANG,TAWANG,2018-09-02,07:00:00,0,1,13.9,13.3,14.1,,40.0,2,1,719.9,2672.5,11.0,13.6,L
239,TAWANG,TAWANG,2018-09-02,08:00:00,1,1,13.9,13.7,14.4,,40.0,2,1,719.5,2671.8,12.0,13.4,L
240,TAWANG,TAWANG,2018-09-02,09:00:00,1,2,14.8,13.8,14.7,,41.0,2,1,718.8,2649.1,13.0,14.2,L
241,TAWANG,TAWANG,2018-09-02,10:00:00,0,2,14.8,14.1,14.9,,41.0,2,1,718.4,2648.4,14.0,13.3,L
242,TAWANG,TAWANG,2018-09-02,11:00:00,0,2,13.8,13.7,15.0,,40.0,2,1,718.6,2672.9,15.0,13.1,L
243,TAWANG,TAWANG,2018-09-02,12:00:00,1,2,13.8,13.7,14.1,15.0,40.0,2,1,719.0,2673.5,16.0,12.6,L
244,TAWANG,TAWANG,2018-09-02,15:00:00,2,4,13.4,13.3,13.8,,40.0,2,1,720.5,2685.3,19.0,12.2,L
245,TAWANG,TAWANG,2018-09-02,17:00:00,0,4,0.0,13.3,13.5,,40.0,2,1,720.5,3005.8,0.31,2.6,L
246,TAWANG,TAWANG,2018-09-03,04:00:00,0,0,14.6,13.8,15.0,,40.0,2,1,720.6,2656.8,8.0,14.1,L
247,TAWANG,TAWANG,2018-09-03,05:00:00,0,0,15.8,14.5,16.3,,41.0,2,1,720.3,2627.6,9.0,13.4,L
248,TAWANG,TAWANG,2018-09-03,06:00:00,0,0,16.4,15.3,16.9,,41.0,2,1,719.8,2612.3,10.0,13.6,L
249,TAWANG,TAWANG,2018-09-03,07:00:00,0,0,17.7,16.0,18.3,,41.0,2,1,719.2,2580.0,11.0,14.0,L
250,TAWANG,TAWANG,2018-09-03,08:00:00,0,0,15.8,15.7,17.9,,41.0,2,1,718.6,2624.6,12.0,13.4,L
251,TAWANG,TAWANG,2018-09-03,09:00:00,0,0,16.5,15.6,17.0,,41.0,2,1,718.3,2607.2,13.0,13.5,L
252,TAWANG,TAWANG,2018-09-03,10:00:00,0,0,15.0,14.9,16.6,,41.0,2,1,718.2,2643.3,14.0,12.7,L
253,TAWANG,TAWANG,2018-09-03,11:00:00,0,0,14.9,14.5,15.1,,41.0,2,1,718.3,2645.9,15.0,12.8,L
254,TAWANG,TAWANG,2018-09-03,12:00:00,0,0,14.4,14.4,14.9,18.3,40.0,2,1,718.7,2658.6,16.0,12.3,L
255,TAWANG,TAWANG,2018-09-03,13:00:00,0,0,14.2,14.2,14.6,,40.0,2,1,719.1,2664.0,17.0,12.2,L
256,TAWANG,TAWANG,2018-09-03,14:00:00,0,0,14.1,14.1,14.4,,40.0,2,1,719.9,2667.7,18.0,12.2,L
257,TAWANG,TAWANG,2018-09-03,15:00:00,0,0,14.2,14.0,14.4,,40.0,2,1,720.4,2666.0,19.0,12.2,L
258,TAWANG,TAWANG,2018-09-03,16:00:00,0,0,13.9,13.8,14.2,,40.0,2,1,720.7,2673.7,20.0,12.2,L
259,TAWANG,TAWANG,2018-09-03,17:00:00,1,1,13.6,13.6,14.0,,40.0,2,1,720.8,2681.0,0.31,12.1,L
260,TAWANG,TAWANG,2018-09-03,18:00:00,3,4,13.4,13.2,13.6,,40.0,2,1,720.8,2685.8,1.31,12.2,L
261,TAWANG,TAWANG,2018-09-03,19:00:00,4,7,13.2,13.1,13.4,,40.0,2,1,720.7,2690.4,2.31,12.1,L
262,TAWANG,TAWANG,2018-09-03,20:00:00,3,10,12.7,12.6,13.3,,40.0,2,1,720.4,2701.9,3.31,12.1,L
263,TAWANG,TAWANG,2018-09-03,21:00:00,0,10,12.5,12.4,12.8,,40.0,2,1,720.0,2706.2,1.0,12.1,L
264,TAWANG,TAWANG,2018-09-03,22:00:00,1,10,12.3,12.3,12.6,,40.0,2,1,719.8,2710.7,2.0,12.1,L
265,TAWANG,TAWANG,2018-09-03,23:00:00,0,10,11.9,11.9,12.4,,40.0,2,1,719.5,2719.9,3.0,12.0,L
266,TAWANG,TAWANG,2018-09-04,00:00:00,0,10,11.1,11.2,11.9,,40.0,2,1,719.8,2739.5,4.0,12.0,L
267,TAWANG,TAWANG,2018-09-04,01:00:00,0,10,13.9,11.1,14.5,,40.0,2,1,720.3,2673.1,5.0,13.5,L
268,TAWANG,TAWANG,2018-09-04,02:00:00,0,10,16.2,13.9,16.5,,41.0,2,1,720.8,2618.9,6.0,13.4,L
269,TAWANG,TAWANG,2018-09-04,03:00:00,0,10,15.0,14.7,16.7,11.1,41.0,2,1,721.3,2648.4,7.0,13.5,L
270,TAWANG,TAWANG,2018-09-04,04:00:00,0,0,15.3,15.0,16.6,,41.0,2,1,721.1,2640.9,8.0,13.7,L
271,TAWANG,TAWANG,2018-09-04,05:00:00,0,0,17.0,15.3,17.2,,41.0,2,1,720.6,2599.4,9.0,13.5,L
272,TAWANG,TAWANG,2018-09-04,06:00:00,0,0,18.9,17.0,19.2,,41.0,2,1,720.0,2552.7,10.0,13.5,L
273,TAWANG,TAWANG,2018-09-04,07:00:00,0,0,17.0,17.0,19.0,,41.0,2,1,719.4,2597.2,11.0,14.1,L
274,TAWANG,TAWANG,2018-09-04,08:00:00,0,0,16.3,16.4,17.6,,41.0,2,1,719.4,2614.0,12.0,13.3,L
275,TAWANG,TAWANG,2018-09-04,09:00:00,0,0,16.7,15.6,17.6,,41.0,2,1,719.0,2603.7,13.0,14.1,L
276,TAWANG,TAWANG,2018-09-04,10:00:00,0,0,16.0,15.8,19.1,,41.0,2,1,718.6,2619.8,14.0,13.3,L
277,TAWANG,TAWANG,2018-09-04,11:00:00,0,0,16.4,15.6,16.5,,41.0,2,1,718.6,2610.2,15.0,13.1,L
278,TAWANG,TAWANG,2018-09-04,12:00:00,0,0,15.4,15.4,16.4,19.2,41.0,2,1,718.8,2634.6,16.0,12.7,L
279,TAWANG,TAWANG,2018-09-04,13:00:00,3,0,14.7,14.7,15.5,,41.0,2,0,719.2,2652.1,17.0,12.3,L
280,TAWANG,TAWANG,2018-09-04,14:00:00,0,0,14.9,14.7,15.1,,41.0,2,1,719.9,2648.5,18.0,12.3,L
281,TAWANG,TAWANG,2018-09-04,15:00:00,0,0,14.6,14.8,15.1,,40.0,2,1,720.4,2656.5,19.0,12.2,L
282,TAWANG,TAWANG,2018-09-04,16:00:00,0,0,14.3,14.3,15.0,,40.0,2,1,720.5,2663.8,20.0,12.2,L
283,TAWANG,TAWANG,2018-09-04,17:00:00,0,0,14.4,14.2,14.5,,40.0,2,1,720.4,2661.2,0.31,12.2,L
284,TAWANG,TAWANG,2018-09-04,18:00:00,1,1,14.1,14.0,14.4,,41.0,2,1,720.0,2667.8,1.31,12.2,L
285,TAWANG,TAWANG,2018-09-04,19:00:00,2,2,14.2,13.8,14.2,,40.0,2,1,719.6,2664.8,2.31,12.2,L
286,TAWANG,TAWANG,2018-09-04,20:00:00,7,9,13.6,13.5,14.2,,40.0,2,1,719.3,2678.8,3.31,12.2,L
287,TAWANG,TAWANG,2018-09-04,21:00:00,0,9,13.5,13.3,13.6,,40.0,2,1,719.5,2681.5,1.0,12.2,L
288,TAWANG,TAWANG,2018-09-04,22:00:00,0,9,12.5,12.5,13.5,,40.0,2,1,719.4,2705.3,2.0,12.1,L
289,TAWANG,TAWANG,2018-09-04,23:00:00,1,9,12.5,12.3,13.0,,40.0,2,1,719.6,2705.6,3.0,12.1,L
290,TAWANG,TAWANG,2018-09-05,00:00:00,0,9,12.5,12.0,12.6,,40.0,2,1,719.6,2705.6,4.0,12.1,L
291,TAWANG,TAWANG,2018-09-05,01:00:00,0,9,14.9,12.4,15.5,,41.0,2,1,720.3,2649.1,5.0,13.8,L
292,TAWANG,TAWANG,2018-09-05,02:00:00,0,9,15.8,14.5,17.1,,41.0,2,1,720.4,2627.7,6.0,13.5,L
293,TAWANG,TAWANG,2018-09-05,03:00:00,0,9,16.0,15.6,17.8,12.0,41.0,2,1,720.3,2622.8,7.0,13.6,L
294,TAWANG,TAWANG,2018-09-05,04:00:00,0,0,17.8,16.0,18.1,,41.0,2,1,720.3,2579.7,8.0,13.9,L
295,TAWANG,TAWANG,2018-09-05,05:00:00,0,0,16.1,15.4,17.8,,41.0,2,1,720.4,2620.6,9.0,14.2,L
296,TAWANG,TAWANG,2018-09-05,06:00:00,0,0,17.3,16.0,19.9,,41.0,2,1,719.7,2590.5,10.0,14.0,L
297,TAWANG,TAWANG,2018-09-05,07:00:00,0,0,17.7,17.0,19.7,,41.0,2,1,719.4,2580.3,11.0,14.1,L
298,TAWANG,TAWANG,2018-09-05,08:00:00,0,0,18.5,16.8,18.6,,41.0,2,1,718.8,2559.9,12.0,13.8,L
299,TAWANG,TAWANG,2018-09-05,09:00:00,0,0,18.7,17.4,18.8,,41.0,2,1,718.2,2553.9,13.0,13.8,L
300,TAWANG,TAWANG,2018-09-05,10:00:00,0,0,17.1,17.1,19.3,,41.0,2,1,717.9,2592.0,14.0,13.3,L
301,TAWANG,TAWANG,2018-09-05,11:00:00,0,0,16.4,16.5,17.2,,41.0,2,1,718.3,2609.6,15.0,12.9,L
302,TAWANG,TAWANG,2018-09-05,12:00:00,0,0,15.4,15.4,16.5,19.9,41.0,2,1,718.7,2634.5,16.0,12.4,L
303,TAWANG,TAWANG,2018-09-05,13:00:00,0,0,15.1,15.0,15.6,,40.0,2,1,719.1,2642.4,17.0,12.3,L
304,TAWANG,TAWANG,2018-09-05,14:00:00,0,0,14.6,14.6,15.2,,41.0,2,1,719.8,2655.5,18.0,12.3,L
305,TAWANG,TAWANG,2018-09-05,15:00:00,0,0,14.7,14.6,14.9,,41.0,2,1,720.2,2653.7,19.0,12.2,L
306,TAWANG,TAWANG,2018-09-05,16:00:00,0,0,14.7,14.6,14.9,,41.0,2,1,720.1,2653.6,20.0,12.2,L
307,TAWANG,TAWANG,2018-09-05,17:00:00,2,2,14.6,14.3,14.8,,40.0,2,1,719.9,2655.7,0.31,12.2,L
308,TAWANG,TAWANG,2018-09-05,18:00:00,2,3,14.3,14.2,14.6,,40.0,2,1,719.6,2662.4,1.31,12.2,L
309,TAWANG,TAWANG,2018-09-05,20:00:00,0,3,13.5,13.4,13.9,,40.0,2,1,719.2,2681.0,3.31,12.2,L
310,TAWANG,TAWANG,2018-09-05,21:00:00,0,3,13.3,13.2,13.6,,40.0,2,1,719.2,2685.8,1.0,12.1,L
311,TAWANG,TAWANG,2018-09-05,22:00:00,1,4,13.0,12.9,13.3,,,2,1,719.4,2693.3,2.0,12.1,L
312,TAWANG,TAWANG,2018-09-05,23:00:00,0,4,12.9,12.8,13.1,,40.0,2,1,719.7,2696.2,3.0,12.1,L
313,WEST_KAMENG,BOMDILA,2018-08-30,00:00:00,0,0,15.4,15.3,15.4,,1.0,92,2,753.5,2167.9,4.0,12.3,L
314,WEST_KAMENG,BOMDILA,2018-08-30,01:00:00,0,0,15.7,15.4,15.8,,1.0,53,3,753.9,2162.4,5.0,12.3,L
315,WEST_KAMENG,BOMDILA,2018-08-30,02:00:00,0,0,16.2,15.7,16.3,,1.0,131,2,754.5,2153.2,6.0,12.7,L
316,WEST_KAMENG,BOMDILA,2018-08-30,03:00:00,0,0,16.4,15.9,16.6,15.3,1.0,170,2,754.9,2149.8,7.0,13.1,L
317,WEST_KAMENG,BOMDILA,2018-08-30,04:00:00,0,0,16.9,16.0,17.0,,1.0,183,3,754.9,2139.6,8.0,13.6,L
318,WEST_KAMENG,BOMDILA,2018-08-30,05:00:00,0,0,17.4,16.8,17.4,,1.0,152,1,754.7,2129.1,9.0,13.5,L
319,WEST_KAMENG,BOMDILA,2018-08-30,06:00:00,0,0,17.7,17.0,17.8,,1.0,172,2,754.5,2122.7,10.0,13.6,L
320,WEST_KAMENG,BOMDILA,2018-08-30,07:00:00,0,0,18.3,17.7,19.0,,1.0,166,3,754.0,2109.5,11.0,13.7,L
321,WEST_KAMENG,BOMDILA,2018-08-30,08:00:00,0,0,18.2,17.8,18.5,,1.0,131,1,753.5,2110.6,12.0,13.5,L
322,WEST_KAMENG,BOMDILA,2018-08-30,09:00:00,0,0,19.4,17.9,19.3,,1.0,168,2,752.8,2084.7,13.0,14.0,L
323,WEST_KAMENG,BOMDILA,2018-08-30,10:00:00,0,0,18.8,0.0,20.5,,1.0,157,2,752.6,2096.6,14.0,13.0,L
324,WEST_KAMENG,BOMDILA,2018-08-30,11:00:00,0,0,17.6,17.6,18.8,,1.0,169,2,752.5,2121.1,15.0,12.9,L
325,WEST_KAMENG,BOMDILA,2018-08-30,12:00:00,0,0,17.2,17.1,17.7,20.5,1.0,147,2,752.8,2129.8,16.0,12.6,L
326,WEST_KAMENG,BOMDILA,2018-08-30,13:00:00,0,0,16.7,16.7,17.3,,1.0,103,2,753.2,2140.8,17.0,12.6,L
327,WEST_KAMENG,BOMDILA,2018-08-30,14:00:00,0,0,16.6,16.5,16.7,,1.0,189,0,754.1,2144.4,18.0,12.5,L
328,WEST_KAMENG,BOMDILA,2018-08-30,15:00:00,0,0,16.5,16.4,16.6,,1.0,146,1,754.8,2147.6,19.0,12.5,L
329,WEST_KAMENG,BOMDILA,2018-08-30,16:00:00,0,0,16.5,16.4,16.6,,1.0,155,1,755.1,2148.1,20.0,12.4,L
330,WEST_KAMENG,BOMDILA,2018-08-30,17:00:00,0,0,16.0,16.0,16.6,,1.0,95,1,755.2,2158.4,0.31,12.5,L
331,WEST_KAMENG,BOMDILA,2018-08-30,18:00:00,0,0,15.6,15.6,16.1,,1.0,154,1,755.2,2166.5,1.31,12.5,L
332,WEST_KAMENG,BOMDILA,2018-08-30,19:00:00,0,0,15.5,15.5,15.7,,1.0,120,2,755.1,2168.4,2.31,12.5,L
333,WEST_KAMENG,BOMDILA,2018-08-30,20:00:00,0,0,15.1,15.2,15.6,,1.0,229,2,754.9,2176.2,3.31,12.4,L
334,WEST_KAMENG,BOMDILA,2018-08-30,21:00:00,0,0,15.1,15.0,15.2,,1.0,180,2,754.8,2176.0,1.0,12.4,L
335,WEST_KAMENG,BOMDILA,2018-08-30,22:00:00,0,0,14.9,14.9,15.2,,1.0,29,1,754.5,2179.6,2.0,12.4,L
336,WEST_KAMENG,BOMDILA,2018-08-30,23:00:00,0,0,14.2,14.2,14.9,,1.0,276,1,754.5,2193.9,3.0,12.4,L
337,WEST_KAMENG,BOMDILA,2018-08-31,00:00:00,0,0,14.7,14.1,14.8,,1.0,269,1,755.2,2184.8,4.0,12.4,L
338,WEST_KAMENG,BOMDILA,2018-08-31,01:00:00,0,0,15.2,14.7,15.3,,1.0,25,2,755.5,2175.1,5.0,13.5,L
339,WEST_KAMENG,BOMDILA,2018-08-31,02:00:00,0,0,17.5,15.2,17.6,,1.0,193,2,755.9,2129.2,6.0,13.4,L
340,WEST_KAMENG,BOMDILA,2018-08-31,03:00:00,0,0,17.1,16.9,17.6,14.1,1.0,197,3,756.0,2137.5,7.0,13.4,L
341,WEST_KAMENG,BOMDILA,2018-08-31,04:00:00,0,0,17.4,16.9,17.3,,1.0,133,1,755.9,2131.2,8.0,14.1,L
342,WEST_KAMENG,BOMDILA,2018-08-31,05:00:00,0,0,19.2,17.3,19.3,,1.0,145,2,755.7,2094.5,9.0,13.5,L
343,WEST_KAMENG,BOMDILA,2018-08-31,06:00:00,0,0,21.5,18.9,21.2,,1.0,183,4,755.4,2047.3,10.0,13.7,L
344,WEST_KAMENG,BOMDILA,2018-08-31,07:00:00,0,0,18.9,18.8,21.7,,1.0,192,3,754.9,2099.0,11.0,14.0,L
345,WEST_KAMENG,BOMDILA,2018-08-31,08:00:00,0,0,19.1,18.8,19.5,,1.0,146,1,754.6,2094.4,12.0,13.7,L
346,WEST_KAMENG,BOMDILA,2018-08-31,09:00:00,0,0,19.9,19.0,20.2,,1.0,204,4,754.1,2077.1,13.0,13.3,L
347,WEST_KAMENG,BOMDILA,2018-08-31,10:00:00,0,0,18.6,18.6,20.3,,,191,3,753.8,2103.0,12.43,13.0,L
348,WEST_KAMENG,BOMDILA,2018-08-31,11:00:00,0,0,17.9,17.6,18.6,,1.0,144,2,753.9,2117.5,15.0,12.8,L
349,WEST_KAMENG,BOMDILA,2018-08-31,12:00:00,0,0,17.3,17.3,18.0,21.7,1.0,144,1,754.0,2129.9,16.0,12.6,L
350,WEST_KAMENG,BOMDILA,2018-08-31,13:00:00,0,0,16.8,16.8,17.4,,1.0,89,1,754.5,2141.0,17.0,12.5,L
351,WEST_KAMENG,BOMDILA,2018-08-31,14:00:00,0,0,16.4,16.4,16.9,,1.0,115,1,755.5,2150.8,18.0,12.5,L
352,WEST_KAMENG,BOMDILA,2018-08-31,15:00:00,0,0,15.1,15.1,16.4,,1.0,328,1,756.3,2178.3,19.0,12.4,L
353,WEST_KAMENG,BOMDILA,2018-08-31,16:00:00,0,0,15.2,14.9,15.4,,1.0,60,0,756.4,2176.5,20.0,12.4,L
354,WEST_KAMENG,BOMDILA,2018-08-31,17:00:00,0,0,15.2,15.2,16.0,,1.0,17,1,756.3,2176.3,0.31,12.4,L
355,WEST_KAMENG,BOMDILA,2018-08-31,18:00:00,0,0,14.9,14.9,15.4,,1.0,346,3,756.0,2181.9,1.31,12.4,L
356,WEST_KAMENG,BOMDILA,2018-08-31,19:00:00,0,0,14.6,14.5,14.9,,1.0,294,2,756.0,2188.0,2.31,12.4,L
357,WEST_KAMENG,BOMDILA,2018-08-31,20:00:00,0,0,14.2,14.2,14.6,,1.0,341,3,755.4,2195.2,3.31,12.4,L
358,WEST_KAMENG,BOMDILA,2018-08-31,21:00:00,0,0,14.0,14.0,14.4,,1.0,348,2,754.8,2198.4,1.0,12.4,L
359,WEST_KAMENG,BOMDILA,2018-08-31,22:00:00,0,0,13.9,13.8,14.1,,1.0,344,3,754.3,2199.7,2.0,12.3,L
360,WEST_KAMENG,BOMDILA,2018-08-31,23:00:00,0,0,13.9,13.7,13.9,,1.0,350,2,754.8,2200.4,3.0,12.3,L
361,WEST_KAMENG,BOMDILA,2018-09-01,00:00:00,0,0,14.7,13.7,14.7,,1.0,6,3,755.5,2185.2,4.0,12.3,L
362,WEST_KAMENG,BOMDILA,2018-09-01,01:00:00,0,0,15.2,14.5,15.3,,1.0,226,1,755.8,2175.5,5.0,12.6,L
363,WEST_KAMENG,BOMDILA,2018-09-01,02:00:00,0,0,15.7,15.2,16.6,,1.0,215,2,756.0,2165.8,6.0,13.4,L
364,WEST_KAMENG,BOMDILA,2018-09-01,03:00:00,0,0,16.2,15.7,16.3,13.7,1.0,210,2,756.7,2156.8,7.0,13.6,L
365,WEST_KAMENG,BOMDILA,2018-09-01,04:00:00,0,0,0.0,16.1,18.2,,1.0,208,4,,,8.0,13.4,L
366,WEST_KAMENG,BOMDILA,2018-09-01,05:00:00,0,0,18.5,17.8,19.4,,1.0,197,3,756.7,2110.5,9.0,13.6,L
367,WEST_KAMENG,BOMDILA,2018-09-01,06:00:00,0,0,20.2,18.5,20.2,,1.0,192,3,756.1,2075.1,10.0,13.4,L
368,WEST_KAMENG,BOMDILA,2018-09-01,07:00:00,0,0,20.1,19.4,21.2,,1.0,186,1,755.5,2075.9,11.0,13.7,L
369,WEST_KAMENG,BOMDILA,2018-09-01,08:00:00,0,0,19.7,19.4,21.3,,1.0,165,2,755.0,2083.0,12.0,13.2,L
370,WEST_KAMENG,BOMDILA,2018-09-01,09:00:00,0,0,19.3,18.8,20.1,,1.0,192,3,754.5,2090.1,13.0,14.2,L
371,WEST_KAMENG,BOMDILA,2018-09-01,10:00:00,0,0,18.1,18.1,19.3,,1.0,189,3,754.6,2114.7,14.0,12.8,L
372,WEST_KAMENG,BOMDILA,2018-09-01,11:00:00,0,0,14.9,17.2,18.1,,1.0,202,1,754.7,2179.9,15.0,12.7,L
373,WEST_KAMENG,BOMDILA,2018-09-01,12:00:00,0,0,17.1,17.0,17.6,21.3,1.0,125,1,755.0,2135.7,16.0,12.6,L
374,WEST_KAMENG,BOMDILA,2018-09-01,13:00:00,0,0,16.3,16.3,17.2,,1.0,133,1,755.5,2152.8,17.0,12.5,L
375,WEST_KAMENG,BOMDILA,2018-09-01,14:00:00,0,0,15.7,15.7,16.4,,1.0,182,2,756.3,2166.2,18.0,12.5,L
376,WEST_KAMENG,BOMDILA,2018-09-01,15:00:00,0,0,15.8,15.7,15.9,,1.0,167,1,756.8,2165.0,19.0,12.5,L
377,WEST_KAMENG,BOMDILA,2018-09-01,16:00:00,0,0,15.4,15.3,15.9,,1.0,211,1,756.7,2172.9,20.0,12.5,L
378,WEST_KAMENG,BOMDILA,2018-09-01,17:00:00,0,0,15.3,15.3,15.5,,1.0,44,1,756.4,2174.5,0.31,12.5,L
379,WEST_KAMENG,BOMDILA,2018-09-01,18:00:00,0,0,15.2,15.2,15.4,,1.0,45,1,756.0,2175.9,1.31,12.5,L
380,WEST_KAMENG,BOMDILA,2018-09-01,19:00:00,0,0,15.4,15.2,15.5,,1.0,203,2,755.7,2171.3,2.31,12.5,L
381,WEST_KAMENG,BOMDILA,2018-09-01,20:00:00,0,0,15.3,15.3,15.4,,1.0,186,1,755.4,2172.9,3.31,12.4,L
382,WEST_KAMENG,BOMDILA,2018-09-01,21:00:00,0,0,15.3,15.2,15.3,,1.0,167,2,755.3,2172.7,1.0,12.4,L
383,WEST_KAMENG,BOMDILA,2018-09-01,22:00:00,0,0,15.3,15.2,15.3,,1.0,139,1,755.3,2172.7,2.0,12.4,L
384,WEST_KAMENG,BOMDILA,2018-09-01,23:00:00,0,0,15.1,15.0,15.3,,1.0,142,2,755.2,2176.6,3.0,12.4,L
385,WEST_KAMENG,BOMDILA,2018-09-02,00:00:00,0,0,15.1,15.0,15.2,,,105,1,755.5,2177.1,4.0,12.4,L
386,WEST_KAMENG,BOMDILA,2018-09-02,01:00:00,0,0,15.4,15.0,15.4,,1.0,138,1,756.0,2171.8,4.02,12.6,L
387,WEST_KAMENG,BOMDILA,2018-09-02,02:00:00,0,0,15.8,15.4,16.1,,1.0,174,2,756.4,2164.4,6.0,13.3,L
388,WEST_KAMENG,BOMDILA,2018-09-02,03:00:00,0,0,16.2,15.7,16.6,15.0,1.0,190,2,756.7,2156.8,7.0,13.4,L
389,WEST_KAMENG,BOMDILA,2018-09-02,04:00:00,0,0,17.1,16.2,16.9,,1.0,128,2,757.0,2139.2,8.0,14.0,L
390,WEST_KAMENG,BOMDILA,2018-09-02,05:00:00,0,0,18.3,16.8,18.4,,1.0,159,1,756.7,2114.5,9.0,13.5,L
391,WEST_KAMENG,BOMDILA,2018-09-02,06:00:00,0,0,19.6,17.5,19.8,,1.0,185,4,756.0,2087.0,10.0,13.4,L
392,WEST_KAMENG,BOMDILA,2018-09-02,07:00:00,0,0,19.1,18.3,21.0,,1.0,145,2,755.3,2095.7,11.0,14.1,L
393,WEST_KAMENG,BOMDILA,2018-09-02,08:00:00,0,0,18.2,17.6,19.1,,1.0,187,5,754.8,2113.0,12.0,13.6,L
394,WEST_KAMENG,BOMDILA,2018-09-02,09:00:00,0,0,19.1,18.2,20.1,,1.0,193,4,754.3,2093.8,13.0,13.4,L
395,WEST_KAMENG,BOMDILA,2018-09-02,10:00:00,0,0,17.8,17.5,19.2,,1.0,135,1,754.0,2119.7,14.0,13.6,L
396,WEST_KAMENG,BOMDILA,2018-09-02,11:00:00,0,0,17.8,17.4,18.2,,1.0,192,2,754.0,2119.7,15.0,13.1,L
397,WEST_KAMENG,BOMDILA,2018-09-02,12:00:00,0,0,17.1,17.2,17.9,21.0,1.0,98,2,754.4,2134.7,16.0,12.7,L
398,WEST_KAMENG,BOMDILA,2018-09-02,13:00:00,0,0,16.6,16.6,17.1,,1.0,100,2,754.9,2145.7,17.0,12.6,L
399,WEST_KAMENG,BOMDILA,2018-09-02,14:00:00,0,0,16.3,16.3,16.7,,1.0,175,1,755.6,2153.0,18.0,12.5,L
400,WEST_KAMENG,BOMDILA,2018-09-02,15:00:00,0,0,16.1,16.1,16.3,,1.0,168,2,756.0,2157.7,19.0,12.5,L
401,WEST_KAMENG,BOMDILA,2018-09-02,16:00:00,0,0,15.8,15.7,16.2,,1.0,150,1,756.0,2163.7,20.0,12.5,L
402,WEST_KAMENG,BOMDILA,2018-09-02,17:00:00,0,0,15.5,15.4,15.9,,1.0,209,2,755.9,2169.6,0.31,12.5,L
403,WEST_KAMENG,BOMDILA,2018-09-02,19:00:00,0,0,15.4,,15.4,,1.0,350,2,755.4,2170.9,0.0,12.5,L
404,WEST_KAMENG,BOMDILA,2018-09-02,20:00:00,0,0,15.1,14.8,15.2,,1.0,140,6,754.8,2176.0,3.31,12.5,L
405,WEST_KAMENG,BOMDILA,2018-09-02,21:00:00,0,0,14.8,14.7,15.1,,1.0,25,1,754.5,2181.7,1.0,12.5,L
406,WEST_KAMENG,BOMDILA,2018-09-02,22:00:00,0,0,15.1,14.7,15.2,,1.0,160,1,754.4,2175.4,2.0,12.4,L
407,WEST_KAMENG,BOMDILA,2018-09-02,23:00:00,0,0,14.9,14.9,15.2,,1.0,166,2,754.6,2179.8,3.0,12.4,L
408,WEST_KAMENG,BOMDILA,2018-09-03,00:00:00,0,0,14.8,14.7,14.9,,1.0,211,89,755.0,2182.4,4.0,12.4,L
409,WEST_KAMENG,BOMDILA,2018-09-03,01:00:00,0,0,15.0,14.7,15.0,,,129,0,755.6,2179.3,5.0,12.8,L
410,WEST_KAMENG,BOMDILA,2018-09-03,02:00:00,0,0,15.9,15.1,16.3,,1.0,193,2,756.1,2161.9,6.0,13.6,L
411,WEST_KAMENG,BOMDILA,2018-09-03,03:00:00,0,0,16.4,15.6,16.9,14.7,1.0,191,3,756.5,2152.5,7.0,13.5,L
412,WEST_KAMENG,BOMDILA,2018-09-03,04:00:00,0,0,17.0,16.1,16.9,,1.0,195,3,756.2,2139.8,8.0,13.5,L
413,WEST_KAMENG,BOMDILA,2018-09-03,05:00:00,0,0,17.0,16.5,17.8,,1.0,199,3,756.1,2139.7,9.0,13.6,L
414,WEST_KAMENG,BOMDILA,2018-09-03,06:00:00,0,0,17.7,16.7,17.7,,1.0,131,1,755.6,2124.6,10.0,13.7,L
415,WEST_KAMENG,BOMDILA,2018-09-03,07:00:00,0,0,17.6,17.3,18.2,,1.0,158,3,755.1,2125.8,11.0,13.6,L
416,WEST_KAMENG,BOMDILA,2018-09-03,08:00:00,0,0,18.1,17.2,18.1,,1.0,196,3,754.5,2114.5,12.0,13.4,L
417,WEST_KAMENG,BOMDILA,2018-09-03,09:00:00,0,0,18.3,18.0,21.1,,1.0,154,2,754.0,2109.5,13.0,13.1,L
418,WEST_KAMENG,BOMDILA,2018-09-03,10:00:00,0,0,17.0,17.1,18.3,,1.0,58,2,753.9,2135.9,14.0,13.0,L
419,WEST_KAMENG,BOMDILA,2018-09-03,11:00:00,0,0,16.9,16.8,17.5,,1.0,191,2,754.0,2138.1,15.0,12.8,L
420,WEST_KAMENG,BOMDILA,2018-09-03,12:00:00,0,0,16.7,16.7,17.1,21.1,1.0,203,2,754.3,2142.7,16.0,12.6,L
421,WEST_KAMENG,BOMDILA,2018-09-03,13:00:00,0,12,16.2,11.3,16.7,,1.0,254,1,755.0,2154.0,17.0,51.0,L
422,WEST_KAMENG,BOMDILA,2018-09-03,14:00:00,0,0,16.0,15.8,16.5,,1.0,199,2,755.9,2159.5,18.0,12.6,L
423,WEST_KAMENG,BOMDILA,2018-09-03,15:00:00,0,0,16.0,15.9,16.2,,1.0,252,1,756.5,2160.5,19.0,12.6,L
424,WEST_KAMENG,BOMDILA,2018-09-03,16:00:00,0,0,15.9,15.8,16.2,,1.0,331,1,756.7,2162.9,20.0,12.5,L
425,WEST_KAMENG,BOMDILA,2018-09-03,17:00:00,0,0,16.0,15.8,16.0,,1.0,179,1,756.9,2161.2,0.31,12.5,L
426,WEST_KAMENG,BOMDILA,2018-09-03,18:00:00,0,0,15.9,15.8,16.0,,1.0,181,1,756.5,2162.5,1.31,12.5,L
427,WEST_KAMENG,BOMDILA,2018-09-03,19:00:00,0,0,15.3,15.3,15.9,,1.0,343,3,756.2,2174.2,2.31,12.5,L
428,WEST_KAMENG,BOMDILA,2018-09-03,20:00:00,0,0,15.4,15.3,15.8,,1.0,259,2,755.7,2171.3,3.31,12.5,L
429,WEST_KAMENG,BOMDILA,2018-09-03,21:00:00,0,0,15.4,15.2,15.5,,1.0,113,1,755.4,2170.9,1.0,12.5,L
430,WEST_KAMENG,BOMDILA,2018-09-03,22:00:00,0,0,15.2,15.2,15.6,,1.0,10,1,755.4,2174.9,2.0,12.4,L
431,WEST_KAMENG,BOMDILA,2018-09-03,23:00:00,0,0,14.9,14.5,15.2,,1.0,287,1,755.4,2181.0,3.0,12.4,L
432,WEST_KAMENG,BOMDILA,2018-09-04,00:00:00,0,0,14.8,14.8,15.0,,1.0,326,2,755.9,2183.8,4.0,12.4,L
433,WEST_KAMENG,BOMDILA,2018-09-04,01:00:00,0,0,15.4,14.8,15.4,,1.0,114,1,756.4,2172.4,5.0,13.6,L
434,WEST_KAMENG,BOMDILA,2018-09-04,02:00:00,0,0,16.6,15.4,16.8,,1.0,167,2,756.8,2148.9,6.0,14.1,L
435,WEST_KAMENG,BOMDILA,2018-09-04,03:00:00,0,0,17.3,16.4,17.2,14.5,1.0,208,2,757.1,2135.4,7.0,13.5,L
436,WEST_KAMENG,BOMDILA,2018-09-04,04:00:00,0,0,20.2,17.2,20.2,,1.0,187,3,757.0,2076.9,8.0,14.0,L
437,WEST_KAMENG,BOMDILA,2018-09-04,05:00:00,0,0,20.5,19.7,21.0,,1.0,151,2,756.4,2069.6,9.0,14.0,L
438,WEST_KAMENG,BOMDILA,2018-09-04,06:00:00,0,0,21.7,20.2,21.7,,1.0,186,4,755.9,2044.3,10.0,13.7,L
439,WEST_KAMENG,BOMDILA,2018-09-04,07:00:00,0,0,20.2,20.1,22.1,,1.0,146,2,755.4,2073.6,11.0,13.9,L
440,WEST_KAMENG,BOMDILA,2018-09-04,08:00:00,0,0,23.1,19.9,23.4,,1.0,235,0,755.0,2013.9,12.0,14.0,L
441,WEST_KAMENG,BOMDILA,2018-09-04,09:00:00,0,0,22.1,21.4,24.1,,1.0,215,5,754.6,2033.3,13.0,14.1,L
442,WEST_KAMENG,BOMDILA,2018-09-04,10:00:00,0,0,22.3,21.1,22.6,,1.0,203,3,754.4,2028.8,14.0,13.5,L
443,WEST_KAMENG,BOMDILA,2018-09-04,11:00:00,0,0,20.2,20.3,23.2,,1.0,219,2,754.3,2071.4,15.0,13.0,L
444,WEST_KAMENG,BOMDILA,2018-09-04,12:00:00,0,0,18.0,17.8,20.2,24.1,1.0,272,1,754.5,2116.6,16.0,12.8,L
445,WEST_KAMENG,BOMDILA,2018-09-04,13:00:00,0,0,17.5,17.2,18.0,,1.0,300,1,755.0,2127.6,17.0,12.7,L
446,WEST_KAMENG,BOMDILA,2018-09-04,14:00:00,0,0,16.5,16.5,17.7,,1.0,248,1,755.6,2148.9,18.0,12.6,L
447,WEST_KAMENG,BOMDILA,2018-09-04,15:00:00,0,0,16.4,16.2,16.5,,1.0,323,2,756.2,2152.0,19.0,12.6,L
448,WEST_KAMENG,BOMDILA,2018-09-04,16:00:00,0,0,16.1,15.9,16.6,,1.0,313,2,756.3,2158.2,20.0,12.6,L
449,WEST_KAMENG,BOMDILA,2018-09-04,17:00:00,0,0,16.2,16.1,16.5,,1.0,302,1,756.1,2155.8,0.31,12.6,L
450,WEST_KAMENG,BOMDILA,2018-09-04,18:00:00,0,0,15.8,15.9,16.3,,1.0,333,3,755.7,2163.3,1.31,12.6,L
451,WEST_KAMENG,BOMDILA,2018-09-04,19:00:00,0,0,16.2,15.8,16.2,,1.0,317,2,755.5,2154.8,2.31,12.4,L
452,WEST_KAMENG,BOMDILA,2018-09-04,20:00:00,0,0,16.3,16.2,16.7,,1.0,12,2,755.0,2152.0,3.31,12.4,L
453,WEST_KAMENG,BOMDILA,2018-09-04,21:00:00,0,0,15.9,15.6,16.3,,1.0,171,1,755.5,2160.9,1.0,12.4,L
454,WEST_KAMENG,BOMDILA,2018-09-04,22:00:00,0,0,16.2,15.8,16.2,,1.0,360,2,754.9,2153.8,2.0,12.3,L
455,WEST_KAMENG,BOMDILA,2018-09-04,23:00:00,0,0,16.1,16.1,16.5,,1.0,85,1,755.1,2156.2,3.0,12.4,L
456,WEST_KAMENG,BOMDILA,2018-09-05,00:00:00,0,0,16.3,15.9,16.3,,1.0,347,2,755.4,2152.6,4.0,12.3,L
457,WEST_KAMENG,BOMDILA,2018-09-05,01:00:00,0,0,16.9,16.3,17.2,,1.0,146,0,755.8,2141.2,5.0,13.7,L
458,WEST_KAMENG,BOMDILA,2018-09-05,02:00:00,0,0,18.8,16.9,18.7,,1.0,174,2,756.1,2103.3,6.0,13.7,L
459,WEST_KAMENG,BOMDILA,2018-09-05,03:00:00,0,0,19.4,18.4,19.9,15.8,1.0,184,3,756.9,2092.8,7.0,14.0,L
460,WEST_KAMENG,BOMDILA,2018-09-05,04:00:00,0,0,20.5,18.0,21.1,,1.0,183,3,756.6,2070.1,8.0,13.4,L
461,WEST_KAMENG,BOMDILA,2018-09-05,05:00:00,0,0,20.8,20.5,23.4,,1.0,191,4,756.4,2063.6,9.0,13.7,L
462,WEST_KAMENG,BOMDILA,2018-09-05,06:00:00,0,0,20.6,20.4,20.8,,1.0,187,3,756.0,2066.8,10.0,13.4,L
463,WEST_KAMENG,BOMDILA,2018-09-05,07:00:00,0,0,20.5,20.2,21.4,,1.0,188,4,755.4,2067.6,11.0,13.5,L
464,WEST_KAMENG,BOMDILA,2018-09-05,08:00:00,0,0,20.9,20.1,20.7,,1.0,190,3,755.0,2058.6,12.0,13.4,L
465,WEST_KAMENG,BOMDILA,2018-09-05,09:00:00,0,0,22.0,20.5,21.7,,1.0,217,2,754.1,2034.2,13.0,13.9,L
466,WEST_KAMENG,BOMDILA,2018-09-05,10:00:00,0,0,21.6,21.4,24.6,,1.0,150,2,754.2,2042.6,14.0,13.3,L
467,WEST_KAMENG,BOMDILA,2018-09-05,11:00:00,0,0,19.7,19.6,22.4,,1.0,306,1,754.3,2081.6,15.0,12.9,L
468,WEST_KAMENG,BOMDILA,2018-09-05,12:00:00,0,0,17.3,17.4,19.7,24.6,1.0,338,2,754.7,2131.2,16.0,12.6,L
469,WEST_KAMENG,BOMDILA,2018-09-05,13:00:00,0,0,16.7,16.7,17.3,,1.0,327,2,755.0,2143.9,17.0,12.5,L
470,WEST_KAMENG,BOMDILA,2018-09-05,14:00:00,0,0,16.5,16.2,16.8,,1.0,330,4,755.6,2148.9,18.0,12.5,L
471,WEST_KAMENG,BOMDILA,2018-09-05,15:00:00,0,0,16.1,15.8,16.5,,1.0,285,2,756.2,2158.0,19.0,12.5,L
472,WEST_KAMENG,BOMDILA,2018-09-05,16:00:00,0,0,16.1,16.1,16.4,,1.0,236,0,756.3,2158.2,20.0,12.5,L
473,WEST_KAMENG,BOMDILA,2018-09-05,17:00:00,0,0,16.1,16.1,16.2,,1.0,340,1,756.3,2158.2,0.31,12.5,L
474,WEST_KAMENG,BOMDILA,2018-09-05,18:00:00,0,0,15.9,15.9,16.1,,1.0,341,1,755.9,2161.6,1.31,12.5,L
475,WEST_KAMENG,BOMDILA,2018-09-05,19:00:00,0,0,15.9,15.7,16.0,,1.0,29,1,755.5,2160.9,2.31,12.5,L
476,WEST_KAMENG,BOMDILA,2018-09-05,20:00:00,0,0,15.8,15.7,16.0,,1.0,334,2,754.9,2162.0,3.31,12.4,L
477,WEST_KAMENG,BOMDILA,2018-09-05,21:00:00,0,0,15.2,15.0,15.8,,1.0,190,2,755.1,2174.5,1.0,12.4,L
478,WEST_KAMENG,BOMDILA,2018-09-05,22:00:00,0,0,15.3,15.0,15.5,,1.0,303,1,755.1,2172.4,2.0,12.4,L
479,WEST_KAMENG,BOMDILA,2018-09-05,23:00:00,0,0,14.6,14.6,15.4,,1.0,261,1,755.3,2186.9,3.0,12.4,L
480,WEST_SIANG,ALONG,2018-08-30,00:00:00,0,17,22.7,22.4,23.1,,99.0,7,1,971.6,1005.6,0.0,12.5,L
481,WEST_SIANG,ALONG,2018-08-30,01:00:00,0,17,23.0,22.5,23.4,,99.0,111,1,972.3,1006.2,0.0,12.5,L
482,WEST_SIANG,ALONG,2018-08-30,02:00:00,1,17,23.1,22.7,23.5,,99.0,57,0,972.7,1006.6,0.0,12.7,L
483,WEST_SIANG,ALONG,2018-08-30,03:00:00,0,17,23.4,23.1,23.8,22.2,99.0,259,0,973.1,1007.0,0.0,12.9,L
484,WEST_SIANG,ALONG,2018-08-30,04:00:00,0,0,24.4,23.3,25.0,,99.0,310,1,973.0,1006.8,0.18,13.2,L
485,WEST_SIANG,ALONG,2018-08-30,05:00:00,0,0,24.4,24.3,25.2,,99.0,307,2,972.6,1006.4,0.4,13.2,L
486,WEST_SIANG,ALONG,2018-08-30,06:00:00,1,1,24.8,24.2,25.4,,99.0,345,1,972.1,1005.8,1.2,13.5,L
487,WEST_SIANG,ALONG,2018-08-30,07:00:00,0,1,24.8,24.4,25.4,,99.0,277,1,971.6,1005.3,2.14,13.7,L
488,WEST_SIANG,ALONG,2018-08-30,08:00:00,0,1,24.9,24.5,25.5,,99.0,135,1,970.8,1004.5,2.56,13.7,L
489,WEST_SIANG,ALONG,2018-08-30,09:00:00,0,1,26.0,24.8,26.5,,99.0,157,2,969.8,1003.3,3.56,13.7,L
490,WEST_SIANG,ALONG,2018-08-30,10:00:00,0,1,25.8,25.7,26.2,,99.0,270,1,969.5,1003.0,4.37,13.6,L
491,WEST_SIANG,ALONG,2018-08-30,11:00:00,0,1,25.4,25.4,26.0,,99.0,241,0,969.5,1003.1,4.37,13.3,L
492,WEST_SIANG,ALONG,2018-08-30,12:00:00,0,1,24.9,24.8,26.6,26.6,99.0,359,0,969.7,1003.3,4.37,12.7,L
493,WEST_SIANG,ALONG,2018-08-30,13:00:00,0,1,24.2,24.1,25.1,,99.0,142,1,970.4,1004.1,4.37,12.6,L
494,WEST_SIANG,ALONG,2018-08-30,14:00:00,0,1,24.0,23.8,24.7,,99.0,359,0,971.5,1005.3,4.37,12.6,L
495,WEST_SIANG,ALONG,2018-08-30,15:00:00,0,1,23.7,23.6,24.3,,99.0,359,0,972.3,1006.2,4.37,12.6,L
496,WEST_SIANG,ALONG,2018-08-30,16:00:00,0,1,23.6,23.5,24.0,,99.0,288,0,972.9,1006.8,4.37,12.6,L
497,WEST_SIANG,ALONG,2018-08-30,17:00:00,0,1,23.2,23.1,23.8,,99.0,194,1,972.9,1006.8,4.37,12.6,L
498,WEST_SIANG,ALONG,2018-08-30,18:00:00,0,1,23.1,22.9,23.6,,99.0,64,1,973.0,1007.0,4.37,12.6,L
499,WEST_SIANG,ALONG,2018-08-30,19:00:00,0,1,23.2,23.0,23.7,,99.0,330,0,972.8,1006.7,4.37,12.6,L
500,WEST_SIANG,ALONG,2018-08-30,20:00:00,0,1,23.0,22.8,23.4,,99.0,111,0,972.5,1006.5,4.37,12.6,L
501,WEST_SIANG,ALONG,2018-08-30,21:00:00,0,1,23.0,22.8,23.4,,99.0,73,1,972.7,1006.7,0.0,12.6,L
502,WEST_SIANG,ALONG,2018-08-30,22:00:00,0,1,22.9,22.6,23.3,,99.0,359,0,972.6,1006.6,0.0,12.6,L
503,WEST_SIANG,ALONG,2018-08-30,23:00:00,0,1,23.0,22.8,23.4,,99.0,311,1,972.9,1006.9,0.0,12.6,L
504,WEST_SIANG,ALONG,2018-08-31,00:00:00,0,1,22.7,22.6,23.3,,99.0,96,1,973.5,1007.5,0.0,12.5,U
505,WEST_SIANG,ALONG,2018-08-31,01:00:00,0,1,23.2,22.8,23.7,,99.0,189,1,973.8,1007.8,0.0,12.7,L
506,WEST_SIANG,ALONG,2018-08-31,02:00:00,0,1,25.1,23.2,25.8,,99.0,136,1,974.1,1007.9,0.19,13.2,L
507,WEST_SIANG,ALONG,2018-08-31,03:00:00,0,1,27.4,25.4,27.9,22.6,99.0,146,2,973.8,1007.3,1.19,13.9,L
508,WEST_SIANG,ALONG,2018-08-31,04:00:00,0,0,29.5,27.1,29.7,,99.0,101,1,973.1,1006.3,2.19,14.5,L
509,WEST_SIANG,ALONG,2018-08-31,05:00:00,0,0,30.9,28.9,31.9,,99.0,175,3,971.9,1004.9,3.19,14.5,L
510,WEST_SIANG,ALONG,2018-08-31,06:00:00,0,0,32.3,30.3,32.5,,99.0,174,2,970.9,1003.7,4.19,14.5,L
511,WEST_SIANG,ALONG,2018-08-31,07:00:00,0,0,32.9,31.8,33.1,,99.0,154,2,969.6,1002.3,5.19,14.5,L
512,WEST_SIANG,ALONG,2018-08-31,08:00:00,0,0,32.5,32.1,33.3,,99.0,189,2,968.5,1001.2,5.52,13.7,L
513,WEST_SIANG,ALONG,2018-08-31,09:00:00,0,0,33.4,32.5,33.6,,99.0,181,2,967.5,1000.1,6.11,13.3,L
514,WEST_SIANG,ALONG,2018-08-31,10:00:00,0,0,33.7,33.2,34.1,,99.0,326,1,967.1,999.7,6.12,13.1,L
515,WEST_SIANG,ALONG,2018-08-31,11:00:00,0,0,31.0,31.0,34.1,,99.0,259,1,967.2,1000.1,6.56,12.9,L
516,WEST_SIANG,ALONG,2018-08-31,12:00:00,0,0,28.0,27.6,30.8,34.1,99.0,259,1,966.5,999.7,6.56,12.6,L
517,WEST_SIANG,ALONG,2018-08-31,13:00:00,0,0,26.7,26.6,28.1,,99.0,286,1,969.2,1002.6,6.56,12.7,L
518,WEST_SIANG,ALONG,2018-08-31,14:00:00,0,0,26.5,25.9,26.8,,99.0,242,1,970.5,1004.0,6.56,12.7,L
519,WEST_SIANG,ALONG,2018-08-31,15:00:00,0,0,25.1,25.1,26.2,,99.0,297,0,971.5,1005.2,6.56,12.7,L
520,WEST_SIANG,ALONG,2018-08-31,16:00:00,0,0,24.5,24.5,25.3,,99.0,339,0,972.0,1005.8,6.56,12.6,L
521,WEST_SIANG,ALONG,2018-08-31,17:00:00,0,0,24.1,24.1,24.7,,99.0,0,1,972.4,1006.2,6.56,12.6,L
522,WEST_SIANG,ALONG,2018-08-31,18:00:00,0,0,23.8,23.8,24.4,,99.0,327,1,972.3,1006.2,6.56,12.6,L
523,WEST_SIANG,ALONG,2018-08-31,19:00:00,0,0,23.5,23.5,24.2,,99.0,234,0,972.4,1006.3,6.56,12.6,L
524,WEST_SIANG,ALONG,2018-08-31,20:00:00,0,0,23.8,23.6,24.4,,99.0,164,1,972.3,1006.2,6.56,12.6,L
525,WEST_SIANG,ALONG,2018-08-31,21:00:00,0,0,23.8,23.6,24.3,,99.0,126,1,971.7,1005.5,0.0,12.6,L
526,WEST_SIANG,ALONG,2018-08-31,22:00:00,0,0,23.4,23.4,24.0,,99.0,93,0,971.6,1005.5,0.0,12.6,L
527,WEST_SIANG,ALONG,2018-08-31,23:00:00,0,0,23.5,23.3,24.1,,99.0,130,1,971.8,1005.7,0.0,12.6,L
528,WEST_SIANG,ALONG,2018-09-01,00:00:00,0,0,23.5,23.3,23.9,,99.0,35,0,972.4,1006.3,0.0,12.5,L
529,WEST_SIANG,ALONG,2018-09-01,01:00:00,0,0,23.9,23.4,24.6,,99.0,94,1,973.2,1007.1,0.0,12.7,L
530,WEST_SIANG,ALONG,2018-09-01,02:00:00,0,0,27.9,23.9,28.1,,99.0,106,2,973.6,1007.0,0.46,13.5,L
531,WEST_SIANG,ALONG,2018-09-01,03:00:00,0,0,30.1,27.5,30.6,23.3,99.0,143,3,973.3,1006.5,1.46,14.5,L
532,WEST_SIANG,ALONG,2018-09-01,04:00:00,0,0,30.4,29.4,31.3,,99.0,173,1,972.9,1006.0,2.46,14.5,L
533,WEST_SIANG,ALONG,2018-09-01,05:00:00,0,0,32.5,30.3,33.0,,99.0,137,1,971.8,1004.7,3.46,14.5,L
534,WEST_SIANG,ALONG,2018-09-01,06:00:00,0,0,33.0,32.3,34.8,,99.0,66,2,971.0,1003.8,4.45,14.5,L
535,WEST_SIANG,ALONG,2018-09-01,07:00:00,0,0,33.9,31.6,34.9,,99.0,178,2,970.1,1002.7,5.45,14.5,L
536,WEST_SIANG,ALONG,2018-09-01,08:00:00,0,0,33.5,32.1,35.1,,99.0,180,5,969.1,1001.8,6.45,14.5,L
537,WEST_SIANG,ALONG,2018-09-01,09:00:00,0,0,32.3,30.9,33.6,,99.0,215,2,968.4,1001.2,7.45,14.5,L
538,WEST_SIANG,ALONG,2018-09-01,10:00:00,0,0,31.0,30.1,34.2,,99.0,196,4,968.9,1001.8,8.23,14.5,L
539,WEST_SIANG,ALONG,2018-09-01,11:00:00,0,0,29.7,28.5,31.3,,99.0,99,1,969.6,1002.7,8.25,13.3,L
540,WEST_SIANG,ALONG,2018-09-01,12:00:00,0,0,27.4,26.4,29.8,35.1,99.0,295,2,970.3,1003.7,8.25,12.7,L
541,WEST_SIANG,ALONG,2018-09-01,13:00:00,0,0,25.8,25.7,28.7,,99.0,297,1,971.5,1005.1,8.25,12.7,L
542,WEST_SIANG,ALONG,2018-09-01,14:00:00,0,0,25.0,24.7,26.3,,99.0,290,2,972.8,1006.5,8.25,12.7,L
543,WEST_SIANG,ALONG,2018-09-01,15:00:00,0,0,24.3,24.2,25.1,,99.0,205,1,973.9,1007.8,8.25,12.7,L
544,WEST_SIANG,ALONG,2018-09-01,16:00:00,0,0,23.7,23.7,24.5,,99.0,287,2,973.9,1007.8,8.25,12.6,L
545,WEST_SIANG,ALONG,2018-09-01,17:00:00,0,0,23.4,23.3,24.1,,99.0,289,1,974.1,1008.1,8.25,12.7,L
546,WEST_SIANG,ALONG,2018-09-01,18:00:00,0,0,23.0,22.8,23.6,,99.0,305,1,973.7,1007.7,8.25,12.6,L
547,WEST_SIANG,ALONG,2018-09-01,19:00:00,0,0,23.0,22.7,23.5,,99.0,287,1,973.5,1007.5,8.25,12.5,L
548,WEST_SIANG,ALONG,2018-09-01,20:00:00,0,0,22.8,22.4,23.2,,99.0,356,1,973.3,1007.3,8.25,12.6,L
549,WEST_SIANG,ALONG,2018-09-01,21:00:00,0,0,23.1,22.8,23.4,,99.0,99,0,973.4,1007.4,0.0,12.5,L
550,WEST_SIANG,ALONG,2018-09-01,22:00:00,0,0,23.0,22.7,23.5,,99.0,193,1,973.5,1007.5,0.0,12.6,L
551,WEST_SIANG,ALONG,2018-09-01,23:00:00,0,0,23.0,22.8,23.4,,99.0,359,0,973.7,1007.7,0.0,12.5,L
552,WEST_SIANG,ALONG,2018-09-02,00:00:00,0,0,23.0,22.8,23.4,,99.0,140,0,973.9,1007.9,0.0,12.6,L
553,WEST_SIANG,ALONG,2018-09-02,01:00:00,0,0,24.8,23.1,25.4,,99.0,174,2,974.2,1008.0,0.1,13.0,L
554,WEST_SIANG,ALONG,2018-09-02,02:00:00,0,0,25.5,24.4,26.2,,99.0,181,1,974.5,1008.2,0.48,13.2,L
555,WEST_SIANG,ALONG,2018-09-02,03:00:00,0,0,27.3,25.6,27.3,22.7,99.0,62,1,974.7,1008.2,1.48,14.1,L
556,WEST_SIANG,ALONG,2018-09-02,04:00:00,0,0,28.3,27.6,28.8,,99.0,128,2,974.4,1007.8,2.48,13.8,L
557,WEST_SIANG,ALONG,2018-09-02,05:00:00,0,0,29.0,27.6,29.3,,99.0,42,1,973.9,1007.2,3.48,14.5,L
558,WEST_SIANG,ALONG,2018-09-02,06:00:00,0,0,31.3,28.8,31.8,,99.0,187,2,972.6,1005.6,4.48,14.5,L
559,WEST_SIANG,ALONG,2018-09-02,07:00:00,0,0,31.6,30.6,32.4,,99.0,131,1,971.1,1004.0,5.48,14.5,L
560,WEST_SIANG,ALONG,2018-09-02,08:00:00,0,0,32.4,31.0,32.7,,99.0,208,2,970.1,1002.9,6.48,14.5,L
561,WEST_SIANG,ALONG,2018-09-02,09:00:00,0,0,31.9,31.7,32.8,,99.0,172,4,969.2,1002.0,7.17,14.0,L
562,WEST_SIANG,ALONG,2018-09-02,10:00:00,0,0,29.2,29.2,32.6,,99.0,295,1,968.9,1002.0,7.19,13.0,L
563,WEST_SIANG,ALONG,2018-09-02,11:00:00,0,0,29.5,29.1,29.9,,99.0,200,3,969.4,1002.5,7.26,13.0,L
564,WEST_SIANG,ALONG,2018-09-02,12:00:00,0,0,27.5,27.0,29.5,32.8,99.0,295,2,970.3,1003.7,7.26,12.6,L
565,WEST_SIANG,ALONG,2018-09-02,13:00:00,0,0,25.5,25.5,27.4,,99.0,153,1,971.4,1005.0,7.26,12.6,L
566,WEST_SIANG,ALONG,2018-09-02,14:00:00,0,0,24.9,24.9,25.6,,99.0,38,0,972.5,1006.2,7.26,12.6,L
567,WEST_SIANG,ALONG,2018-09-02,15:00:00,0,0,25.4,24.5,26.0,,99.0,4,3,973.0,1006.7,7.26,12.6,L
568,WEST_SIANG,ALONG,2018-09-02,16:00:00,0,0,24.4,24.3,25.6,,99.0,178,0,973.4,1007.2,7.26,12.6,L
569,WEST_SIANG,ALONG,2018-09-02,17:00:00,0,0,24.2,24.1,24.9,,99.0,332,1,973.5,1007.3,7.26,12.6,L
570,WEST_SIANG,ALONG,2018-09-02,18:00:00,0,0,23.8,23.8,24.5,,99.0,80,0,973.2,1007.1,7.26,12.6,L
571,WEST_SIANG,ALONG,2018-09-02,19:00:00,0,0,23.6,23.5,24.2,,99.0,149,1,972.9,1006.8,7.26,12.5,L
572,WEST_SIANG,ALONG,2018-09-02,20:00:00,0,0,23.3,23.2,23.8,,99.0,55,1,972.4,1006.3,7.26,12.6,L
573,WEST_SIANG,ALONG,2018-09-02,21:00:00,0,0,23.1,22.9,23.5,,99.0,86,2,972.2,1006.1,0.0,12.6,L
574,WEST_SIANG,ALONG,2018-09-02,22:00:00,0,0,23.2,22.9,23.6,,99.0,36,4,972.2,1006.1,0.0,12.6,L
575,WEST_SIANG,ALONG,2018-09-02,23:00:00,0,0,22.9,22.6,23.3,,99.0,42,2,972.5,1006.5,0.0,12.6,L
576,WEST_SIANG,ALONG,2018-09-03,00:00:00,2,2,22.6,22.2,23.1,,99.0,43,2,973.2,1007.2,0.0,12.5,L
577,WEST_SIANG,ALONG,2018-09-03,01:00:00,4,6,22.7,22.5,23.1,,99.0,276,1,974.0,1008.0,0.0,12.5,L
578,WEST_SIANG,ALONG,2018-09-03,02:00:00,3,8,22.8,22.5,23.2,,99.0,305,1,974.7,1008.8,0.0,12.5,L
579,WEST_SIANG,ALONG,2018-09-03,03:00:00,5,13,23.0,22.8,23.5,22.2,99.0,326,1,975.1,1009.1,0.0,12.7,L
580,WEST_SIANG,ALONG,2018-09-03,05:00:00,1,2,25.7,23.8,26.5,,99.0,109,2,974.2,1007.9,1.17,13.7,L
581,WEST_SIANG,ALONG,2018-09-03,06:00:00,0,2,27.5,25.7,27.7,,99.0,118,2,973.3,1006.8,2.17,14.4,L
582,WEST_SIANG,ALONG,2018-09-03,07:00:00,0,2,28.3,27.1,28.4,,99.0,149,3,972.2,1005.5,3.17,14.5,L
583,WEST_SIANG,ALONG,2018-09-03,08:00:00,0,2,28.1,27.6,28.9,,99.0,70,1,971.2,1004.5,4.17,14.5,L
584,WEST_SIANG,ALONG,2018-09-03,10:00:00,0,2,27.8,27.3,28.9,,99.0,111,1,970.2,1003.5,5.2,13.4,L
585,WEST_SIANG,ALONG,2018-09-03,11:00:00,0,2,27.2,26.7,28.1,,99.0,282,1,970.3,1003.7,5.27,13.0,L
586,WEST_SIANG,ALONG,2018-09-03,12:00:00,0,2,25.8,25.8,27.1,,99.0,335,1,970.8,1004.4,5.27,12.6,L
587,WEST_SIANG,ALONG,2018-09-03,13:00:00,0,2,24.7,24.6,25.9,,99.0,299,2,971.7,1005.4,5.27,12.6,L
588,WEST_SIANG,ALONG,2018-09-03,14:00:00,0,2,24.0,24.0,24.7,,99.0,285,1,973.0,1006.9,5.27,12.6,L
589,WEST_SIANG,ALONG,2018-09-03,15:00:00,0,2,23.5,23.5,24.1,,99.0,295,1,974.0,1007.9,5.27,12.6,L
590,WEST_SIANG,ALONG,2018-09-03,16:00:00,0,2,23.1,22.8,23.8,,99.0,339,1,974.4,1008.4,5.27,12.6,L
591,WEST_SIANG,ALONG,2018-09-03,17:00:00,0,2,23.2,23.0,23.7,,99.0,318,0,974.7,1008.7,5.27,12.6,L
592,WEST_SIANG,ALONG,2018-09-03,18:00:00,0,2,23.3,23.1,23.7,,99.0,322,1,974.3,1008.3,5.27,12.6,L
593,WEST_SIANG,ALONG,2018-09-03,19:00:00,0,2,23.1,22.8,23.5,,99.0,78,1,974.0,1008.0,5.27,12.6,L
594,WEST_SIANG,ALONG,2018-09-03,20:00:00,0,2,23.1,22.8,23.5,,99.0,65,0,973.4,1007.4,5.27,12.6,L
595,WEST_SIANG,ALONG,2018-09-03,21:00:00,0,2,22.8,22.5,23.2,,99.0,224,0,973.4,1007.4,0.0,12.6,L
596,WEST_SIANG,ALONG,2018-09-03,22:00:00,0,2,23.0,22.7,23.4,,99.0,117,1,973.3,1007.3,0.0,12.6,L
597,WEST_SIANG,ALONG,2018-09-03,23:00:00,0,2,22.7,22.4,23.2,,99.0,50,1,973.3,1007.3,0.0,12.5,L
598,WEST_SIANG,ALONG,2018-09-04,00:00:00,0,2,22.7,22.5,23.1,,99.0,12,0,973.7,1007.7,0.0,12.5,L
599,WEST_SIANG,ALONG,2018-09-04,01:00:00,0,2,23.5,22.7,24.0,,99.0,359,0,974.0,1007.9,0.0,12.7,L
600,WEST_SIANG,ALONG,2018-09-04,02:00:00,0,2,25.0,23.6,25.7,,99.0,146,2,974.3,1008.1,0.23,13.1,L
601,WEST_SIANG,ALONG,2018-09-04,03:00:00,0,2,27.6,25.2,27.6,22.4,99.0,41,1,974.0,1007.5,1.23,14.0,L
602,WEST_SIANG,ALONG,2018-09-04,04:00:00,0,0,29.4,27.9,30.0,,99.0,70,1,973.4,1006.7,2.23,14.5,L
603,WEST_SIANG,ALONG,2018-09-04,05:00:00,0,0,30.3,29.6,31.5,,99.0,43,1,972.4,1005.5,3.23,14.5,L
604,WEST_SIANG,ALONG,2018-09-04,06:00:00,0,0,32.9,30.5,33.1,,99.0,143,3,971.3,1004.1,4.21,14.5,L
605,WEST_SIANG,ALONG,2018-09-04,07:00:00,0,0,33.1,31.5,33.4,,99.0,151,2,969.9,1002.6,5.21,14.5,L
606,WEST_SIANG,ALONG,2018-09-04,08:00:00,0,0,33.0,32.4,33.4,,99.0,194,0,968.9,1001.6,5.56,14.3,L
607,WEST_SIANG,ALONG,2018-09-04,09:00:00,0,0,33.1,32.6,33.5,,99.0,292,2,968.1,1000.8,6.09,13.3,L
608,WEST_SIANG,ALONG,2018-09-04,10:00:00,0,0,33.6,33.0,33.8,,99.0,195,2,967.7,1000.3,6.18,13.1,L
609,WEST_SIANG,ALONG,2018-09-04,11:00:00,0,0,31.8,31.8,33.4,,99.0,227,1,967.8,1000.6,7.05,12.9,L
610,WEST_SIANG,ALONG,2018-09-04,12:00:00,0,0,28.0,27.7,31.9,33.8,99.0,267,1,968.3,1001.5,7.05,12.7,L
611,WEST_SIANG,ALONG,2018-09-04,13:00:00,0,0,26.2,26.2,27.9,,99.0,263,1,969.2,1002.7,7.05,12.6,L
612,WEST_SIANG,ALONG,2018-09-04,14:00:00,0,0,25.4,25.3,26.4,,99.0,295,2,970.5,1004.1,7.05,12.6,L
613,WEST_SIANG,ALONG,2018-09-04,15:00:00,0,0,24.6,24.5,25.6,,99.0,262,1,971.4,1005.1,7.05,12.6,L
614,WEST_SIANG,ALONG,2018-09-04,16:00:00,0,0,24.1,24.1,24.8,,99.0,265,1,972.1,1005.9,7.05,12.6,L
615,WEST_SIANG,ALONG,2018-09-04,17:00:00,0,0,23.6,23.5,24.3,,99.0,267,0,972.2,1006.1,7.05,12.6,L
616,WEST_SIANG,ALONG,2018-09-04,18:00:00,0,0,23.4,23.1,24.0,,99.0,268,0,972.2,1006.1,7.05,12.5,L
617,WEST_SIANG,ALONG,2018-09-04,19:00:00,0,0,23.3,23.1,23.7,,99.0,282,1,972.1,1006.0,7.05,12.6,L
618,WEST_SIANG,ALONG,2018-09-04,20:00:00,0,0,23.5,23.1,23.9,,99.0,268,0,971.8,1005.7,7.05,12.5,L
619,WEST_SIANG,ALONG,2018-09-04,21:00:00,0,0,23.2,23.1,23.8,,99.0,106,1,971.8,1005.7,0.0,12.6,L
620,WEST_SIANG,ALONG,2018-09-04,22:00:00,0,0,23.2,23.1,23.7,,99.0,125,2,972.0,1005.9,0.0,12.5,L
621,WEST_SIANG,ALONG,2018-09-04,23:00:00,0,0,23.0,22.8,23.3,,99.0,178,1,972.1,1006.0,0.0,12.5,L
622,WEST_SIANG,ALONG,2018-09-05,00:00:00,0,0,23.0,22.8,23.4,,99.0,154,1,972.2,1006.1,0.0,12.5,L
623,WEST_SIANG,ALONG,2018-09-05,01:00:00,0,0,23.5,22.8,24.0,,99.0,170,2,972.9,1006.8,0.0,12.7,L
624,WEST_SIANG,ALONG,2018-09-05,02:00:00,0,0,25.2,23.6,25.8,,99.0,28,0,973.4,1007.1,0.31,13.2,L
625,WEST_SIANG,ALONG,2018-09-05,03:00:00,0,0,26.6,25.5,27.3,22.8,99.0,117,3,973.4,1007.0,1.31,14.0,L
626,WEST_SIANG,ALONG,2018-09-05,04:00:00,0,0,30.2,27.3,30.4,,99.0,158,4,972.8,1005.9,2.31,14.5,L
627,WEST_SIANG,ALONG,2018-09-05,05:00:00,0,0,31.1,29.5,31.5,,99.0,203,0,971.6,1004.6,3.31,14.6,L
628,WEST_SIANG,ALONG,2018-09-05,06:00:00,0,0,32.3,30.9,32.7,,99.0,127,2,970.4,1003.2,4.31,14.5,L
629,WEST_SIANG,ALONG,2018-09-05,07:00:00,0,0,32.6,32.4,34.0,,99.0,65,0,969.1,1001.9,5.31,14.5,L
630,WEST_SIANG,ALONG,2018-09-05,08:00:00,0,0,32.8,32.2,33.5,,99.0,355,1,968.3,1001.0,6.3,14.5,L
631,WEST_SIANG,ALONG,2018-09-05,09:00:00,0,0,34.4,32.8,34.8,,99.0,149,2,967.6,1000.1,7.3,14.5,L
632,WEST_SIANG,ALONG,2018-09-05,10:00:00,0,0,33.6,33.1,34.7,,99.0,196,1,967.2,999.8,8.3,14.5,L
633,WEST_SIANG,ALONG,2018-09-05,11:00:00,0,0,31.1,31.1,33.9,,99.0,48,2,967.6,1000.5,9.1,13.4,L
634,WEST_SIANG,ALONG,2018-09-05,12:00:00,0,0,28.8,28.6,31.1,34.8,99.0,295,2,968.4,1001.5,9.1,12.7,L
635,WEST_SIANG,ALONG,2018-09-05,13:00:00,0,0,26.8,26.6,28.6,,99.0,281,1,969.4,1002.8,9.1,12.6,L
636,WEST_SIANG,ALONG,2018-09-05,14:00:00,0,0,26.0,25.9,26.8,,99.0,246,0,970.6,1004.1,9.1,12.6,L
637,WEST_SIANG,ALONG,2018-09-05,15:00:00,0,0,25.2,25.1,26.1,,99.0,259,1,971.5,1005.2,9.1,12.6,L
638,WEST_SIANG,ALONG,2018-09-05,16:00:00,0,0,24.9,24.7,25.5,,99.0,286,0,971.7,1005.4,9.1,12.6,L
639,WEST_SIANG,ALONG,2018-09-05,17:00:00,0,0,24.3,24.2,25.1,,99.0,359,0,972.0,1005.8,9.1,12.6,L
640,WEST_SIANG,ALONG,2018-09-05,18:00:00,0,0,24.2,23.9,24.9,,99.0,294,1,971.9,1005.7,9.1,12.6,L
641,WEST_SIANG,ALONG,2018-09-05,19:00:00,0,0,23.8,23.8,24.4,,99.0,84,1,971.7,1005.5,9.1,12.5,L
642,WEST_SIANG,ALONG,2018-09-05,20:00:00,0,0,23.7,23.5,24.4,,99.0,253,0,971.3,1005.1,9.1,12.6,L
643,WEST_SIANG,ALONG,2018-09-05,21:00:00,0,0,23.6,23.4,24.2,,99.0,301,1,971.6,1005.5,0.0,12.6,L
644,WEST_SIANG,ALONG,2018-09-05,22:00:00,0,0,23.4,23.4,24.0,,99.0,216,0,971.9,1005.8,0.0,12.6,L
645,WEST_SIANG,ALONG,2018-09-05,23:00:00,0,0,23.3,23.2,23.8,,99.0,198,1,972.4,1006.3,0.0,12.5,L
